prophage	host	active	CohenD	prophage-host_ratio	mean_difference	prophage_len	prophage_mean_cov	prophage_median_cov	prophage_sd_cov	prophage_cov_breadth	host_len	host_mean_cov	host_median_cov	host_sd_cov
C1_2-k141_185643_frag_1	C1_2-k141_185643	dormant	0.0	0.0	0.0	59608	0.0	0.0	0.0	0.0	135164	0.0	0.0	0.0
A8_2-k141_11335_frag_1	A8_2-k141_11335	dormant	1.2553622285782735	0.056347234449272546	-6.920076618344869	43617	0.41321044546851	0.0	2.2166601108284953	0.05995368778228672	129675	7.33328706381338	5.0	7.473944028412261
C21_2-k141_186182_frag_1	C21_2-k141_186182	dormant	0.0	0.0	0.0	61230	0.0	0.0	0.0	0.0	48789	0.0	0.0	0.0
C19_2-k141_56003_frag_1	C19_2-k141_56003	dormant	0.0	0.0	0.0	49749	0.0	0.0	0.0	0.0	38075	0.0	0.0	0.0
D17_2-k141_24953_frag_1	D17_2-k141_24953	dormant	0.10534308205113298	0.0	-0.01735086117187334	37699	0.0	0.0	0.0	0.0	47087	0.01735086117187334	0.0	0.23293245944907404
C5_2-k141_27383_frag_1	C5_2-k141_27383	dormant	0.0	0.0	0.0	47895	0.0	0.0	0.0	0.0	32375	0.0	0.0	0.0
G11_1-k141_21281_frag_1	G11_1-k141_21281	dormant	0.23231876826453696	0.31474908388944783	-0.6703501405178226	42341	0.3079048676223991	0.0	2.599099117773996	0.04000850239720365	485859	0.9782550081402217	0.0	3.1458898287698984
G19_2-k141_91063_frag_1	G19_2-k141_91063	dormant	0.01530073026722264	0.0	-0.00011704247280803946	79180	0.0	0.0	0.0	0.0	367388	0.00011704247280803946	0.0	0.010817983816981503
E8_2-k141_30287_frag_1	E8_2-k141_30287	dormant	0.0	0.0	0.0	52944	0.0	0.0	0.0	0.0	281246	0.0	0.0	0.0
G9_1-k141_20941_frag_1	G9_1-k141_20941	dormant	1.1612070339783964	0.04050335999770307	-9.047580566161432	38023	0.38192672855903004	0.0	2.2276109948159473	0.060963101280803726	232634	9.429507294720462	5.0	10.791369650052635
G23_2-k141_15726_frag_1	G23_2-k141_15726	dormant	0.0	0.0	0.0	52924	0.0	0.0	0.0	0.0	186321	0.0	0.0	0.0
F15_1-k141_18938_frag_1	F15_1-k141_18938	dormant	0.0	0.0	0.0	50836	0.0	0.0	0.0	0.0	186539	0.0	0.0	0.0
F17_1-k141_16726_frag_1	F17_1-k141_16726	dormant	0.07461345581014253	0.44061399366698667	-0.09903858255166006	42174	0.07801014843268364	0.0	0.7273776610293211	0.015720586143121353	153229	0.1770487309843437	0.0	1.7305106470126248
F17_2-k141_4843_frag_1	F17_2-k141_4843	dormant	0.08464397114047126	0.1548496273730143	-0.025014322994883122	57384	0.00458315906872996	0.0	0.08512243308099333	0.003241321622751987	102306	0.02959748206361308	0.0	0.40917357386683534
F17_2-k141_6699_frag_1	F17_2-k141_6699	dormant	1.8646405828761605	0.13851818409156852	-23.095564941354244	79019	3.7135499057188777	0.0	11.152889079293333	0.11466862400182234	74055	26.809114847073122	29.0	13.507124903728352
E23_2-k141_90385_frag_1	E23_2-k141_90385	dormant	0.032404969188412534	0.0	-0.0045770488824277665	49072	0.0	0.0	0.0	0.0	88048	0.0045770488824277665	0.0	0.1997509878049374
E17_1-k141_28919_frag_1	E17_1-k141_28919	dormant	0.06375899368178865	0.0	-0.002028481536678258	103011	0.0	0.0	0.0	0.0	24156	0.002028481536678258	0.0	0.04499296388696285
K13_1-k141_27370_frag_1	K13_1-k141_27370	dormant	0.02573635397733378	0.0	-0.0008634671707447988	63399	0.0	0.0	0.0	0.0	171402	0.0008634671707447988	0.0	0.047447551607608295
J21_2-k141_34905_frag_1	J21_2-k141_34905	dormant	1.3671609674456593	0.00665663348088367	-10.104697573450538	41247	0.06771401556476835	0.0	0.6194235014955074	0.023807792081848377	172094	10.172411589015306	8.0	10.434093704428085
M1_1-k141_8847_frag_1	M1_1-k141_8847	dormant	0.06537328364541951	1.021004600645902	0.714763618468524	42703	34.74367140481933	33.0	11.847547532314783	1.0	525291	34.02890778635081	34.0	9.935878806883577
M5_1-k141_343_frag_1	M5_1-k141_343	dormant	0.5955558937916559	1.2320598968123782	4.114828459293115	56844	21.8465801139962	21.0	6.9362186489452915	1.0	64362	17.731751654703086	17.0	6.882121392350652
O18_2-k141_40615_frag_1	O18_2-k141_40615	dormant	0.13541957333958915	0.01844502817715875	-0.05003103372787557	59564	0.0009401652004566517	0.0	0.030647696322102687	0.0009401652004566517	59720	0.05097119892833222	0.0	0.5215844091691691
D9_2-k141_33402_frag_1	D9_2-k141_33402	dormant	0.01134817629557322	0.0	-0.00012877281348361733	64102	0.0	0.0	0.0	0.0	543593	0.00012877281348361733	0.0	0.0160477115044919
F23_1-k141_61569_frag_1	F23_1-k141_61569	dormant	0.019927180132323922	0.0003970136824471536	0.0003970136824471536	206692	0.0003970136824471536	0.0	0.0281756942244779	0.00019836278133648132	9067	0.0	0.0	0.0
K16_2-k141_21419_frag_1	K16_2-k141_21419	dormant	0.0	0.0	0.0	29165	0.0	0.0	0.0	0.0	144902	0.0	0.0	0.0
J21_2-k141_3283_frag_1	J21_2-k141_3283	dormant	0.10636605711447203	0.0	-0.023033094920596436	37864	0.0	0.0	0.0	0.0	8249	0.023033094920596436	0.0	0.30624163482038474
O11_1-k141_3288_frag_1	O11_1-k141_3288	dormant	0.09077809635314021	0.0	-0.02437929636300201	36745	0.0	0.0	0.0	0.0	1060490	0.02437929636300201	0.0	0.37980011635789124
M13_2-k141_23729_frag_1	M13_2-k141_23729	dormant	0.0	0.0	0.0	60266	0.0	0.0	0.0	0.0	236189	0.0	0.0	0.0
M6_2-k141_107833_frag_1	M6_2-k141_107833	dormant	0.0	0.0	0.0	163834	0.0	0.0	0.0	0.0	64690	0.0	0.0	0.0
M2_2-k141_16461_frag_1	M2_2-k141_16461	dormant	0.0	0.0	0.0	37903	0.0	0.0	0.0	0.0	13425	0.0	0.0	0.0
B23_1-k141_4053_frag_1	B23_1-k141_4053	dormant	0.912811748155249	1.2865581041557983	9.909280998398103	32329	44.48963609807639	44.0	10.639812453731611	0.9953602029137926	520023	34.580355099678286	34.0	11.06752862390105
C15_2-k141_106709_frag_1	C15_2-k141_106709	dormant	0.01943879233284791	0.0	-0.0010970142134885052	53415	0.0	0.0	0.0	0.0	440286	0.0010970142134885052	0.0	0.07981012154802963
D15_2-k141_8824_frag_1	D15_2-k141_8824	dormant	0.10056536926587997	0.0	-0.03096815388299146	42544	0.0	0.0	0.0	0.0	375870	0.03096815388299146	0.0	0.4354936847812341
C11_2-k141_174860_frag_1	C11_2-k141_174860	dormant	0.022759230277189055	0.0	-0.0004991310309160557	46764	0.0	0.0	0.0	0.0	332578	0.0004991310309160557	0.0	0.031015015214738283
C3_2-k141_154052_frag_1	C3_2-k141_154052	dormant	0.01644654289545542	0.0	-0.0008113565882154963	36830	0.0	0.0	0.0	0.0	332776	0.0008113565882154963	0.0	0.06976733641038815
B23_2-k141_18787_frag_1	B23_2-k141_18787	dormant	0.01940297856867609	0.0	-0.0013506287146109303	40282	0.0	0.0	0.0	0.0	327255	0.0013506287146109303	0.0	0.09844248599114165
B11_2-k141_46719_frag_1	B11_2-k141_46719	dormant	0.8002531454306878	0.0	-4.747412413140758	42688	0.0	0.0	0.0	0.0	219896	4.747412413140758	1.0	8.389664019663075
C8_2-k141_22197_frag_1	C8_2-k141_22197	dormant	0.02153169454830384	0.0	-0.000927012852227098	55286	0.0	0.0	0.0	0.0	198487	0.000927012852227098	0.0	0.06088671493888535
C8_2-k141_7620_frag_1	C8_2-k141_7620	dormant	0.018735049029381314	0.0	-0.0010528214151674523	40556	0.0	0.0	0.0	0.0	205163	0.0010528214151674523	0.0	0.07947213384665555
A21_2-k141_684_frag_1	A21_2-k141_684	dormant	0.0	0.0	0.0	38749	0.0	0.0	0.0	0.0	177643	0.0	0.0	0.0
B17_1-k141_12412_frag_1	B17_1-k141_12412	dormant	0.03717506989180208	0.0	-0.0012529268029956857	34774	0.0	0.0	0.0	0.0	176387	0.0012529268029956857	0.0	0.04766382639264401
B13_2-k141_18069_frag_1	B13_2-k141_18069	dormant	0.0	0.0	0.0	54473	0.0	0.0	0.0	0.0	154977	0.0	0.0	0.0
B13_2-k141_34719_frag_1	B13_2-k141_34719	dormant	0.0	0.0	0.0	49520	0.0	0.0	0.0	0.0	154986	0.0	0.0	0.0
D23_2-k141_36037_frag_1	D23_2-k141_36037	dormant	0.17224148433765935	1.7569540842943765	1.0929928708580094	38683	2.5369283664658893	0.0	8.168025801792979	0.2963317219450405	153912	1.4439354956078798	0.0	3.717416282230668
A18_2-k141_49938_frag_1	A18_2-k141_49938	dormant	0.024394478974945424	0.0	-0.002615679863529746	46721	0.0	0.0	0.0	0.0	140690	0.002615679863529746	0.0	0.15163799733657762
C19_1-k141_57050_frag_1	C19_1-k141_57050	dormant	0.021153607103492244	0.0	-0.0011080935666521483	29318	0.0	0.0	0.0	0.0	156124	0.0011080935666521483	0.0	0.07408102753686553
A3_2-k141_19497_frag_1	A3_2-k141_19497	dormant	0.036515122928256954	0.0	-0.003182098877547314	45946	0.0	0.0	0.0	0.0	137645	0.003182098877547314	0.0	0.12324119511472857
C19_2-k141_15996_frag_1	C19_2-k141_15996	dormant	0.0	0.0	0.0	37106	0.0	0.0	0.0	0.0	141751	0.0	0.0	0.0
C8_2-k141_4575_frag_1	C8_2-k141_4575	dormant	0.03232475991470555	0.0	-0.0014972784276094833	41253	0.0	0.0	0.0	0.0	120886	0.0014972784276094833	0.0	0.06550617744915375
B9_2-k141_28310_frag_1	B9_2-k141_28310	dormant	0.6104581605515378	0.0	-1.7195670929110183	40572	0.0	0.0	0.0	0.0	117069	1.7195670929110183	0.0	3.9836228940049216
B23_1-k141_2672_frag_1	B23_1-k141_2672	dormant	0.44540096963584264	1.122392539545101	4.8424520297291735	9662	44.40738015138772	45.0	11.096215049581508	0.9844752639205133	143089	39.564928121658546	39.0	10.643304182934747
A19_2-k141_32326_frag_1	A19_2-k141_32326	dormant	0.027583512787041846	0.0	-0.0010961023888584416	58860	0.0	0.0	0.0	0.0	93057	0.0010961023888584416	0.0	0.05619744214744727
A17_2-k141_66249_frag_1	A17_2-k141_66249	dormant	0.0	0.0	0.0	22321	0.0	0.0	0.0	0.0	125730	0.0	0.0	0.0
C1_2-k141_177166_frag_1	C1_2-k141_177166	dormant	0.0	0.0	0.0	33201	0.0	0.0	0.0	0.0	109294	0.0	0.0	0.0
A15_2-k141_67109_frag_1	A15_2-k141_67109	dormant	0.029540281095046795	0.0	-0.0017444952664610147	40108	0.0	0.0	0.0	0.0	94010	0.0017444952664610147	0.0	0.0835160930726047
B17_2-k141_1793_frag_1	B17_2-k141_1793	dormant	0.5535050111760458	0.0020334376932609234	-0.8967552238376517	42688	0.0018272113943028486	0.0	0.042706822555877745	0.0018272113943028486	85922	0.8985824352319546	0.0	2.2908249298460293
A8_2-k141_15809_frag_1	A8_2-k141_15809	dormant	0.3467738092698077	0.6883438795897833	-5.0939973729817964	35396	11.25093230873545	0.0	14.932294574810223	0.45762233020680304	90517	16.344929681717247	14.0	14.442996889380519
D23_2-k141_26352_frag_1	D23_2-k141_26352	dormant	0.0	0.0	0.0	30573	0.0	0.0	0.0	0.0	90191	0.0	0.0	0.0
C7_1-k141_37404_frag_1	C7_1-k141_37404	dormant	0.02926197107678389	0.0	-0.0008383096003674781	33028	0.0	0.0	0.0	0.0	87080	0.0008383096003674781	0.0	0.04051500164484332
C5_2-k141_46389_frag_1	C5_2-k141_46389	dormant	0.02967004372825492	0.0	-0.0052795451468796535	30515	0.0	0.0	0.0	0.0	88644	0.0052795451468796535	0.0	0.2516479051484501
C21_2-k141_273057_frag_1	C21_2-k141_273057	dormant	0.037159114652147905	0.0	-0.002069770733088027	62691	0.0	0.0	0.0	0.0	56528	0.002069770733088027	0.0	0.0787720016781077
C23_1-k141_51929_frag_1	C23_1-k141_51929	dormant	0.050732187319750495	0.0	-0.003043950371148335	59379	0.0	0.0	0.0	0.0	56177	0.003043950371148335	0.0	0.08485334706616712
B3_2-k141_99852_frag_1	B3_2-k141_99852	dormant	0.03298879713046027	0.0	-0.005438344512152608	42754	0.0	0.0	0.0	0.0	71713	0.005438344512152608	0.0	0.23313916344170155
C7_1-k141_61083_frag_1	C7_1-k141_61083	dormant	0.03996249869733246	0.0	-0.007488023812845914	48677	0.0	0.0	0.0	0.0	64503	0.007488023812845914	0.0	0.2649900575963299
A8_2-k141_88772_frag_1	A8_2-k141_88772	dormant	2.7727114297268445	0.005975172207748853	-31.10972231765053	35636	0.18700332525503016	0.0	2.1127749550926542	0.017145583118195085	72289	31.29672564290556	34.0	15.726136352949462
C9_2-k141_62051_frag_1	C9_2-k141_62051	dormant	0.031321684781787734	0.0	-0.0004902834729898377	35867	0.0	0.0	0.0	0.0	67308	0.0004902834729898377	0.0	0.02213691701899685
A12_2-k141_60588_frag_1	A12_2-k141_60588	dormant	0.0	0.0	0.0	36063	0.0	0.0	0.0	0.0	63841	0.0	0.0	0.0
B17_2-k141_17739_frag_1	B17_2-k141_17739	dormant	0.28799444587713346	0.030433590149963944	-0.5733730291752752	35766	0.01799752920035939	0.0	0.2508668475429721	0.007241514287311972	57918	0.5913705583756346	0.0	2.8043834575470132
C7_1-k141_9170_frag_1	C7_1-k141_9170	dormant	0.10720492051820898	0.0	-0.01966509850574091	37369	0.0	0.0	0.0	0.0	55479	0.01966509850574091	0.0	0.2594157887323649
C17_1-k141_6252_frag_1	C17_1-k141_6252	dormant	0.0	0.0	0.0	43265	0.0	0.0	0.0	0.0	44374	0.0	0.0	0.0
A19_1-k141_77260_frag_1	A19_1-k141_77260	dormant	0.0	0.0	0.0	35571	0.0	0.0	0.0	0.0	50939	0.0	0.0	0.0
A12_2-k141_30024_frag_1	A12_2-k141_30024	dormant	0.035631061971717136	0.0	-0.0006343835906111228	34169	0.0	0.0	0.0	0.0	52019	0.0006343835906111228	0.0	0.02517898226837372
C5_2-k141_87282_frag_1	C5_2-k141_87282	dormant	0.0	0.0	0.0	2151	0.0	0.0	0.0	0.0	73913	0.0	0.0	0.0
A9_2-k141_210000_frag_1	A9_2-k141_210000	dormant	0.0	0.0	0.0	31771	0.0	0.0	0.0	0.0	42879	0.0	0.0	0.0
C20_2-k141_21354_frag_1	C20_2-k141_21354	dormant	0.7722006417783172	0.0	-2.592245701454892	2266	0.0	0.0	0.0	0.0	65022	2.592245701454892	0.0	4.747456593092674
D15_1-k141_56432_frag_1	D15_1-k141_56432	dormant	0.4963691539510009	0.007413632005725391	-0.30793383612982117	27107	0.0022999591942723598	0.0	0.06778368960338846	0.0011436160401372339	35715	0.3102337953240935	0.0	0.874716962647219
D3_2-k141_43519_frag_1	D3_2-k141_43519	dormant	0.0	0.0	0.0	15209	0.0	0.0	0.0	0.0	47388	0.0	0.0	0.0
D17_1-k141_7332_frag_1	D17_1-k141_7332	dormant	0.0	0.0	0.0	24727	0.0	0.0	0.0	0.0	37786	0.0	0.0	0.0
C9_2-k141_90044_frag_1	C9_2-k141_90044	dormant	0.0	0.0	0.0	49723	0.0	0.0	0.0	0.0	8778	0.0	0.0	0.0
A17_2-k141_122266_frag_1	A17_2-k141_122266	dormant	2.270144161102421	0.06548425804474915	-28.375439521972428	32082	1.9883502442690717	0.0	5.748153160729118	0.22925628078049998	20149	30.3637897662415	34.0	16.71612177014263
A22_2-k141_100259_frag_1	A22_2-k141_100259	dormant	0.11450234247673974	0.0	-0.01158204470043198	34342	0.0	0.0	0.0	0.0	15973	0.01158204470043198	0.0	0.14304934153368698
B17_1-k141_35017_frag_1	B17_1-k141_35017	dormant	0.07595902979604678	0.0	-0.010127167630057804	26767	0.0	0.0	0.0	0.0	21625	0.010127167630057804	0.0	0.18854871960988256
D1_2-k141_14665_frag_1	D1_2-k141_14665	dormant	0.0981405264199458	0.0	-0.03442830069488313	26629	0.0	0.0	0.0	0.0	12664	0.03442830069488313	0.0	0.49611482175896876
D15_2-k141_22535_frag_1	D15_2-k141_22535	dormant	0.24991865950655356	0.0	-0.06056782334384858	33159	0.0	0.0	0.0	0.0	1585	0.06056782334384858	0.0	0.34273486175625983
E11_1-k141_14869_frag_1	E11_1-k141_14869	dormant	0.021390527542029233	0.0	-0.0013518949610588306	34552	0.0	0.0	0.0	0.0	454917	0.0013518949610588306	0.0	0.0893791976414189
G14_2-k141_65853_frag_1	G14_2-k141_65853	dormant	0.020798625942026385	0.0	-0.00021624464867550154	35734	0.0	0.0	0.0	0.0	342205	0.00021624464867550154	0.0	0.014703669165449884
G11_1-k141_26117_frag_1	G11_1-k141_26117	dormant	0.9701484868128035	0.07190269851759672	-12.13805570653105	36964	0.9403744183529921	0.0	4.256215609331594	0.08657071745482091	298597	13.078430124884042	1.0	17.17446089218349
F23_1-k141_24667_frag_1	F23_1-k141_24667	dormant	0.01816783255933029	0.0	-0.0004950235136168968	37217	0.0	0.0	0.0	0.0	266654	0.0004950235136168968	0.0	0.03853343343871087
G10_2-k141_49082_frag_1	G10_2-k141_49082	dormant	0.01909686431561596	0.0	-0.00018231186966640806	39576	0.0	0.0	0.0	0.0	257800	0.00018231186966640806	0.0	0.013501060404613041
E5_2-k141_177817_frag_1	E5_2-k141_177817	dormant	0.024291328349573604	0.0	-0.00045491871219452017	35176	0.0	0.0	0.0	0.0	259387	0.00045491871219452017	0.0	0.026484851026028232
E5_2-k141_17207_frag_1	E5_2-k141_17207	dormant	0.02037604547984899	0.0	-0.001960690753087437	51590	0.0	0.0	0.0	0.0	230531	0.001960690753087437	0.0	0.1360831009813942
E11_1-k141_1264_frag_1	E11_1-k141_1264	dormant	0.02371159977762033	0.0	-0.0008431229273228037	45105	0.0	0.0	0.0	0.0	195701	0.0008431229273228037	0.0	0.05028576265415011
F7_2-k141_42925_frag_1	F7_2-k141_42925	dormant	0.021841559382133748	0.0	-0.00047693995325988456	36137	0.0	0.0	0.0	0.0	188703	0.00047693995325988456	0.0	0.03088126349117047
G21_1-k141_148406_frag_1	G21_1-k141_148406	dormant	0.0	0.0	0.0	91794	0.0	0.0	0.0	0.0	130730	0.0	0.0	0.0
E20_2-k141_34943_frag_1	E20_2-k141_34943	dormant	0.02177060287563972	0.0	-0.00065298408417655	30267	0.0	0.0	0.0	0.0	188366	0.00065298408417655	0.0	0.04241770212480238
G21_2-k141_83691_frag_1	G21_2-k141_83691	dormant	0.03796684605476706	0.0	-0.0007202216066481994	145454	0.0	0.0	0.0	0.0	54150	0.0007202216066481994	0.0	0.026827278793892254
G10_2-k141_75085_frag_1	G10_2-k141_75085	dormant	0.026330772163502644	0.0	-0.000693069306930693	55401	0.0	0.0	0.0	0.0	101000	0.000693069306930693	0.0	0.03722443107401539
G5_2-k141_73734_frag_1	G5_2-k141_73734	dormant	0.0	0.0	0.0	39863	0.0	0.0	0.0	0.0	110185	0.0	0.0	0.0
E20_2-k141_21061_frag_1	E20_2-k141_21061	dormant	0.0	0.0	0.0	48665	0.0	0.0	0.0	0.0	95667	0.0	0.0	0.0
F17_2-k141_15421_frag_1	F17_2-k141_15421	dormant	1.1100674428962025	0.004931776560059329	-4.533657494795909	42635	0.022469801806027912	0.0	0.3960776947525351	0.005277354286384426	93671	4.556127296601937	2.0	5.762232644539002
E13_2-k141_4351_frag_1	E13_2-k141_4351	dormant	0.0	0.0	0.0	63240	0.0	0.0	0.0	0.0	70615	0.0	0.0	0.0
F3_2-k141_7471_frag_1	F3_2-k141_7471	dormant	0.26173191308722027	0.0014598799258277373	-11.945764673835983	31320	0.017464878671775222	0.0	0.4522346498483096	0.001756066411238825	99890	11.963229552507759	0.0	64.54485263150302
E5_2-k141_200886_frag_1	E5_2-k141_200886	dormant	0.029917945025758095	0.0	-0.0008946830265848671	35607	0.0	0.0	0.0	0.0	93888	0.0008946830265848671	0.0	0.04229143643161255
F17_1-k141_3230_frag_1	F17_1-k141_3230	dormant	0.07510205130267462	0.0	-0.01049607077143401	646	0.0	0.0	0.0	0.0	110327	0.01049607077143401	0.0	0.19764687354233668
F17_2-k141_11437_frag_1	F17_2-k141_11437	dormant	0.10798374681749634	0.0	-0.009965672115777216	34819	0.0	0.0	0.0	0.0	66127	0.009965672115777216	0.0	0.1305158329810053
E8_2-k141_109798_frag_1	E8_2-k141_109798	dormant	0.0	0.0	0.0	43877	0.0	0.0	0.0	0.0	53877	0.0	0.0	0.0
E5_2-k141_148036_frag_1	E5_2-k141_148036	dormant	0.0	0.0	0.0	63494	0.0	0.0	0.0	0.0	32410	0.0	0.0	0.0
G18_2-k141_28650_frag_1	G18_2-k141_28650	dormant	0.0	0.0	0.0	34164	0.0	0.0	0.0	0.0	58860	0.0	0.0	0.0
E8_2-k141_80003_frag_1	E8_2-k141_80003	dormant	0.0	0.0	0.0	33250	0.0	0.0	0.0	0.0	58312	0.0	0.0	0.0
F11_2-k141_6926_frag_1	F11_2-k141_6926	dormant	0.03917667118149775	0.3406472121088367	-0.00975030145667111	50573	0.0050373837336136285	0.0	0.08123168133573097	0.004231506930575604	36314	0.01478768519028474	0.0	0.34246783179385926
G5_1-k141_7428_frag_1	G5_1-k141_7428	dormant	0.04712372601791671	0.0	-0.005491573658232914	35057	0.0	0.0	0.0	0.0	44978	0.005491573658232914	0.0	0.1648056850023074
H11_2-k141_27289_frag_1	H11_2-k141_27289	dormant	0.0455046747227564	0.0	-0.0020685337905881713	36700	0.0	0.0	0.0	0.0	36741	0.0020685337905881713	0.0	0.06428676962751442
G11_2-k141_111393_frag_1	G11_2-k141_111393	dormant	0.30069705039543576	0.21353508775296726	-0.3233113076330666	33560	0.08778307508939213	0.0	0.6606916379286579	0.026817640047675805	38524	0.41109438272245874	0.0	1.3695338415389406
E15_1-k141_54636_frag_1	E15_1-k141_54636	dormant	0.0	0.0	0.0	39826	0.0	0.0	0.0	0.0	26748	0.0	0.0	0.0
F17_2-k141_5293_frag_1	F17_2-k141_5293	dormant	0.17115040034706347	0.2225100857311568	-0.3281261346815607	34939	0.09390652279687456	0.0	0.6566842682671868	0.031597927817052576	31417	0.42203265747843527	0.0	2.630574943076059
G4_2-k141_102200_frag_1	G4_2-k141_102200	dormant	0.04555063212984999	0.0	-0.0030572469491223155	26706	0.0	0.0	0.0	0.0	39251	0.0030572469491223155	0.0	0.09491855319696493
E5_2-k141_144869_frag_1	E5_2-k141_144869	dormant	0.0	0.0	0.0	33294	0.0	0.0	0.0	0.0	32154	0.0	0.0	0.0
F3_2-k141_32724_frag_1	F3_2-k141_32724	dormant	0.11534354506817489	0.0	-0.08766788766788766	32559	0.0	0.0	0.0	0.0	32760	0.08766788766788766	0.0	1.074885600674468
F9_2-k141_88054_frag_1	F9_2-k141_88054	dormant	0.07218942000722085	0.0	-0.0077966531440162275	42464	0.0	0.0	0.0	0.0	15776	0.0077966531440162275	0.0	0.15273890019179645
H1_2-k141_45419_frag_1	H1_2-k141_45419	dormant	1.4019722838198894	0.0	-13.577441704536989	31103	0.0	0.0	0.0	0.0	26846	13.577441704536989	13.0	13.69599272573999
G20_2-k141_8366_frag_1	G20_2-k141_8366	dormant	0.05253648143623602	0.0	-0.013326821099637176	28637	0.0	0.0	0.0	0.0	28664	0.013326821099637176	0.0	0.3587406432100244
F11_2-k141_9319_frag_1	F11_2-k141_9319	dormant	0.15997044667662177	0.05609295772279981	-0.09515419236245376	37818	0.005654667091430392	0.0	0.09127190465594491	0.004283674440742504	18421	0.10080885945388415	0.0	0.8362413532526759
E7_2-k141_1782_frag_1	E7_2-k141_1782	dormant	0.0	0.0	0.0	34592	0.0	0.0	0.0	0.0	17769	0.0	0.0	0.0
H23_2-k141_19616_frag_1	H23_2-k141_19616	dormant	0.08158025760584632	0.0	-0.0033166325594524027	31298	0.0	0.0	0.0	0.0	14171	0.0033166325594524027	0.0	0.057494630252916075
F3_2-k141_26961_frag_1	F3_2-k141_26961	dormant	0.5117693724084279	0.004923340299238614	-5.792097160711036	25030	0.028657556270096463	0.0	0.19852421373648335	0.022732720735117857	6360	5.820754716981132	0.0	16.004537782113005
I17_2-k141_302868_frag_1	I17_2-k141_302868	dormant	0.017797836999191546	0.0	-0.000684074090486108	37739	0.0	0.0	0.0	0.0	361072	0.000684074090486108	0.0	0.05435642861980579
I16_2-k141_3270_frag_1	I16_2-k141_3270	dormant	0.15712135930310836	0.0	-0.12652537806184047	31810	0.0	0.0	0.0	0.0	293206	0.12652537806184047	0.0	1.1388261050762065
J23_1-k141_41300_frag_1	J23_1-k141_41300	dormant	0.017722066743477753	0.0	-0.0001570111684523244	70626	0.0	0.0	0.0	0.0	242021	0.0001570111684523244	0.0	0.012529426002249077
I15_2-k141_259399_frag_1	I15_2-k141_259399	dormant	0.03324307991801555	0.0	-0.01760305008585931	35719	0.0	0.0	0.0	0.0	264386	0.01760305008585931	0.0	0.7488617851279165
J3_2-k141_21698_frag_1	J3_2-k141_21698	dormant	0.027416989357718698	0.0	-0.0012523481527864746	36202	0.0	0.0	0.0	0.0	186849	0.0012523481527864746	0.0	0.06459818470130133
K14_2-k141_82132_frag_1	K14_2-k141_82132	dormant	0.028085705175077733	0.0	-0.05131770871962224	35706	0.0	0.0	0.0	0.0	161796	0.05131770871962224	0.0	2.584026258511095
I1_2-k141_34440_frag_1	I1_2-k141_34440	dormant	0.0	0.0	0.0	38433	0.0	0.0	0.0	0.0	141344	0.0	0.0	0.0
I23_1-k141_17584_frag_1	I23_1-k141_17584	dormant	0.0	0.0	0.0	29743	0.0	0.0	0.0	0.0	115305	0.0	0.0	0.0
I14_2-k141_5438_frag_1	I14_2-k141_5438	dormant	0.03747384331026447	0.0	-0.000701651805291624	39711	0.0	0.0	0.0	0.0	68410	0.000701651805291624	0.0	0.026479416346259416
I1_2-k141_108788_frag_1	I1_2-k141_108788	dormant	0.036053630003126245	0.0	-0.0032475499040168585	37341	0.0	0.0	0.0	0.0	69283	0.0032475499040168585	0.0	0.12738603902979656
J21_2-k141_2069_frag_1	J21_2-k141_2069	dormant	0.03603467756791419	0.0	-0.0025454011454305154	43464	0.0	0.0	0.0	0.0	61287	0.0025454011454305154	0.0	0.09989657364807696
J21_2-k141_1873_frag_1	J21_2-k141_1873	dormant	0.0	0.0	0.0	38713	0.0	0.0	0.0	0.0	55277	0.0	0.0	0.0
K13_2-k141_44384_frag_1	K13_2-k141_44384	dormant	0.0	0.0	0.0	38283	0.0	0.0	0.0	0.0	42162	0.0	0.0	0.0
J13_2-k141_9357_frag_1	J13_2-k141_9357	dormant	0.04438858286047347	0.0	-0.006889424733034792	35271	0.0	0.0	0.0	0.0	40642	0.006889424733034792	0.0	0.21949603403721996
I22_2-k141_3934_frag_1	I22_2-k141_3934	dormant	0.0	0.0	0.0	37261	0.0	0.0	0.0	0.0	28159	0.0	0.0	0.0
K7_2-k141_49786_frag_1	K7_2-k141_49786	dormant	0.06945549593214675	0.0	-0.004584499565678989	38886	0.0	0.0	0.0	0.0	20722	0.004584499565678989	0.0	0.09334698968690232
K21_1-k141_12519_frag_1	K21_1-k141_12519	dormant	0.09436474398794191	0.0	-0.016730425911757205	39508	0.0	0.0	0.0	0.0	19605	0.016730425911757205	0.0	0.2507334225556597
J19_2-k141_50463_frag_1	J19_2-k141_50463	dormant	0.1535074843320152	0.029892890230302373	-0.04833867041807772	53859	0.001489508276080359	0.0	0.038565394347468904	0.0014853599212759242	4656	0.04982817869415808	0.0	0.4436551221215155
K7_2-k141_115993_frag_1	K7_2-k141_115993	dormant	0.0	0.0	0.0	35420	0.0	0.0	0.0	0.0	22181	0.0	0.0	0.0
J19_2-k141_736_frag_1	J19_2-k141_736	dormant	0.0	0.0	0.0	46564	0.0	0.0	0.0	0.0	6819	0.0	0.0	0.0
J19_2-k141_100278_frag_1	J19_2-k141_100278	dormant	0.11224080812735251	0.009821927653118262	0.009821927653118262	37719	0.009821927653118262	0.0	0.12375448401909887	0.00699912510936133	6346	0.0	0.0	0.0
J19_2-k141_100633_frag_1	J19_2-k141_100633	dormant	0.05131982585740113	0.0026177357832016155	0.0026177357832016155	40261	0.0026177357832016155	0.0	0.07213659410302127	0.001316410421996473	3134	0.0	0.0	0.0
J15_1-k141_43992_frag_1	J15_1-k141_43992	dormant	0.9557256008413786	0.0	-4.736193881605085	22964	0.0	0.0	0.0	0.0	2517	4.736193881605085	1.0	7.008276868902297
O17_1-k141_15055_frag_1	O17_1-k141_15055	dormant	0.011913247231210213	0.0	-0.0006319070356586279	36706	0.0	0.0	0.0	0.0	702635	0.0006319070356586279	0.0	0.07501325899174079
O7_1-k141_497_frag_1	O7_1-k141_497	dormant	0.0	0.0	0.0	44803	0.0	0.0	0.0	0.0	527771	0.0	0.0	0.0
P15_1-k141_98150_frag_1	P15_1-k141_98150	dormant	0.589003211042315	1.27453892414837	8.08131520687741	41779	37.51726944158548	36.0	14.534211743190891	0.9851839440867421	366566	29.435954234708074	30.0	12.855010681552818
O11_1-k141_8131_frag_1	O11_1-k141_8131	dormant	0.12201295432083681	0.0	-0.08524893318516055	40535	0.0	0.0	0.0	0.0	342843	0.08524893318516055	0.0	0.9880934213860203
M10_2-k141_7803_frag_1	M10_2-k141_7803	dormant	0.0	0.0	0.0	31509	0.0	0.0	0.0	0.0	298340	0.0	0.0	0.0
P15_1-k141_65755_frag_1	P15_1-k141_65755	dormant	0.022209210049168128	0.0	-0.015018272172066794	45135	0.0	0.0	0.0	0.0	282123	0.015018272172066794	0.0	0.9563169577903486
O12_2-k141_58905_frag_1	O12_2-k141_58905	dormant	0.016139978155364387	0.0	-0.0013023248471741523	38538	0.0	0.0	0.0	0.0	253393	0.0013023248471741523	0.0	0.11411201699037081
M10_2-k141_72151_frag_1	M10_2-k141_72151	dormant	0.0	0.0	0.0	34277	0.0	0.0	0.0	0.0	236561	0.0	0.0	0.0
O14_2-k141_27222_frag_1	O14_2-k141_27222	dormant	0.04362685642518782	0.3062742393928372	-0.017881527715402468	41801	0.007894547977321116	0.0	0.29458055581265324	0.0007176861797564652	221950	0.025776075692723586	0.0	0.49921558234999647
O7_1-k141_2499_frag_1	O7_1-k141_2499	dormant	0.0	0.0	0.0	120739	0.0	0.0	0.0	0.0	127857	0.0	0.0	0.0
M8_2-k141_57839_frag_1	M8_2-k141_57839	dormant	0.04361594945985906	0.0	-0.002035283306879713	29277	0.0	0.0	0.0	0.0	131677	0.002035283306879713	0.0	0.06599249337698937
O16_2-k141_16352_frag_1	O16_2-k141_16352	dormant	2.413539093302843	0.007282778050683752	-13.509292676145304	37998	0.09910695413231875	0.0	1.2404491371708655	0.007368808884678141	121172	13.608399630277622	14.0	7.8179748414414645
O22_2-k141_10356_frag_1	O22_2-k141_10356	dormant	0.7698067162732091	0.029175110860206025	-8.141443939600613	35206	0.24466567777270654	0.0	2.372577089802941	0.016446060330625463	120875	8.38610961737332	0.0	14.767284021711594
M5_1-k141_143_frag_1	M5_1-k141_143	dormant	0.03766779884189239	1.013555981623932	0.27693732756113576	33964	20.70609806588987	20.0	7.048193616650253	0.9955835590625368	104723	20.429160738328733	20.0	7.6439283339449045
O19_2-k141_28633_frag_1	O19_2-k141_28633	dormant	0.0	0.0	0.0	42815	0.0	0.0	0.0	0.0	85106	0.0	0.0	0.0
M21_2-k141_27243_frag_1	M21_2-k141_27243	dormant	0.0	0.0	0.0	46857	0.0	0.0	0.0	0.0	78969	0.0	0.0	0.0
O18_2-k141_50751_frag_1	O18_2-k141_50751	dormant	0.1323916693929815	0.001915300025789934	-0.01975216190832483	52765	3.790391357907704e-05	0.0	0.006156498751116691	3.790391357907704e-05	68974	0.019790065821903905	0.0	0.2109036131535517
M6_2-k141_82101_frag_1	M6_2-k141_82101	dormant	0.037799553845549734	0.0	-0.008281418473703128	35080	0.0	0.0	0.0	0.0	66776	0.008281418473703128	0.0	0.30983684011331036
O18_2-k141_46573_frag_1	O18_2-k141_46573	dormant	0.1351705223673567	0.0	-0.10250112057373376	35965	0.0	0.0	0.0	0.0	55775	0.10250112057373376	0.0	1.0724118863716194
M5_1-k141_263_frag_1	M5_1-k141_263	dormant	0.5143767873642152	1.1911043292263466	4.016932034339973	22638	25.03650836001423	24.0	8.511196056792809	0.9933739729658096	59102	21.019576325674258	20.0	7.037786926828266
O11_1-k141_10567_frag_1	O11_1-k141_10567	dormant	0.037848093574975386	0.0014314529247185894	0.0014314529247185894	46107	0.0014314529247185894	0.0	0.05348697777935513	0.0007157264623592947	28274	0.0	0.0	0.0
O17_2-k141_52836_frag_1	O17_2-k141_52836	dormant	0.0	0.0	0.0	33701	0.0	0.0	0.0	0.0	23854	0.0	0.0	0.0
M8_2-k141_31137_frag_1	M8_2-k141_31137	dormant	0.05113196292143148	0.0	-0.0037630045008485206	28515	0.0	0.0	0.0	0.0	27106	0.0037630045008485206	0.0	0.10407760031720666
O17_1-k141_65716_frag_1	O17_1-k141_65716	dormant	0.0	0.0	0.0	27859	0.0	0.0	0.0	0.0	18672	0.0	0.0	0.0
O18_2-k141_29758_frag_1	O18_2-k141_29758	dormant	3.0621785496971112	2.4427058406948997e-05	-16.458712945792506	37309	0.000402047763274277	0.0	0.044833884216826755	0.00013401592109142565	6983	16.45911499355578	16.0	7.601036255644675
O16_2-k141_6623_frag_1	O16_2-k141_6623	dormant	0.0858484883513717	14.395917638657464	0.011711993272577926	33758	0.012586288978814569	0.0	0.19065872603796366	0.006102257242727649	10294	0.0008742957062366427	0.0	0.029555563152398955
A10_2-k141_36643_frag_1	A10_2-k141_36643	not present	NA	NA	NA	38124	NA	NA	NA	NA	49645	NA	NA	NA
A11_1-k141_19613_frag_1	A11_1-k141_19613	not present	NA	NA	NA	35738	NA	NA	NA	NA	53231	NA	NA	NA
A11_2-k141_129946_frag_1	A11_2-k141_129946	not present	NA	NA	NA	39923	NA	NA	NA	NA	64457	NA	NA	NA
A11_2-k141_183501_frag_1	A11_2-k141_183501	not present	NA	NA	NA	125752	NA	NA	NA	NA	132982	NA	NA	NA
A11_2-k141_99629_frag_1	A11_2-k141_99629	not present	NA	NA	NA	42085	NA	NA	NA	NA	134439	NA	NA	NA
A12_2-k141_39206_frag_1	A12_2-k141_39206	not present	NA	NA	NA	41103	NA	NA	NA	NA	52699	NA	NA	NA
A15_2-k141_144305_frag_1	A15_2-k141_144305	not present	NA	NA	NA	297910	NA	NA	NA	NA	304419	NA	NA	NA
A15_2-k141_34839_frag_1	A15_2-k141_34839	not present	NA	NA	NA	162020	NA	NA	NA	NA	175773	NA	NA	NA
A15_2-k141_51284_frag_1	A15_2-k141_51284	not present	NA	NA	NA	44712	NA	NA	NA	NA	113574	NA	NA	NA
A15_2-k141_85236_frag_1	A15_2-k141_85236	not present	NA	NA	NA	34506	NA	NA	NA	NA	53986	NA	NA	NA
A16_2-k141_27923_frag_1	A16_2-k141_27923	not present	NA	NA	NA	49141	NA	NA	NA	NA	78669	NA	NA	NA
A16_2-k141_59131_frag_1	A16_2-k141_59131	not present	NA	NA	NA	68376	NA	NA	NA	NA	112934	NA	NA	NA
A16_2-k141_71009_frag_1	A16_2-k141_71009	not present	NA	NA	NA	34598	NA	NA	NA	NA	59947	NA	NA	NA
A16_2-k141_73899_frag_1	A16_2-k141_73899	not present	NA	NA	NA	33459	NA	NA	NA	NA	137379	NA	NA	NA
A17_1-k141_94904_frag_1	A17_1-k141_94904	not present	NA	NA	NA	36643	NA	NA	NA	NA	58565	NA	NA	NA
A17_2-k141_1522_frag_1	A17_2-k141_1522	not present	NA	NA	NA	28002	NA	NA	NA	NA	53176	NA	NA	NA
A17_2-k141_21451_frag_1	A17_2-k141_21451	not present	NA	NA	NA	19302	NA	NA	NA	NA	95276	NA	NA	NA
A17_2-k141_73834_frag_1	A17_2-k141_73834	not present	NA	NA	NA	31392	NA	NA	NA	NA	50618	NA	NA	NA
A17_2-k141_97405_frag_1	A17_2-k141_97405	not present	NA	NA	NA	37761	NA	NA	NA	NA	44884	NA	NA	NA
A18_2-k141_31907_frag_1	A18_2-k141_31907	not present	NA	NA	NA	36367	NA	NA	NA	NA	81532	NA	NA	NA
A19_1-k141_78340_frag_1	A19_1-k141_78340	not present	NA	NA	NA	37685	NA	NA	NA	NA	91689	NA	NA	NA
A19_1-k141_83822_frag_1	A19_1-k141_83822	not present	NA	NA	NA	27302	NA	NA	NA	NA	43257	NA	NA	NA
A19_2-k141_39744_frag_1	A19_2-k141_39744	not present	NA	NA	NA	51024	NA	NA	NA	NA	75405	NA	NA	NA
A19_2-k141_81783_frag_1	A19_2-k141_81783	not present	NA	NA	NA	34641	NA	NA	NA	NA	58979	NA	NA	NA
A19_2-k141_84185_frag_1	A19_2-k141_84185	not present	NA	NA	NA	50872	NA	NA	NA	NA	79623	NA	NA	NA
A22_2-k141_21232_frag_1	A22_2-k141_21232	not present	NA	NA	NA	34757	NA	NA	NA	NA	36359	NA	NA	NA
A3_2-k141_265745_frag_1	A3_2-k141_265745	not present	NA	NA	NA	35475	NA	NA	NA	NA	68006	NA	NA	NA
A4_2-k141_49377_frag_1	A4_2-k141_49377	not present	NA	NA	NA	43814	NA	NA	NA	NA	197753	NA	NA	NA
A7_2-k141_121689_frag_1	A7_2-k141_121689	not present	NA	NA	NA	35429	NA	NA	NA	NA	51411	NA	NA	NA
A8_2-k141_58787_frag_1	A8_2-k141_58787	not present	NA	NA	NA	67723	NA	NA	NA	NA	94317	NA	NA	NA
A8_2-k141_84990_frag_1	A8_2-k141_84990	not present	NA	NA	NA	30967	NA	NA	NA	NA	61517	NA	NA	NA
A8_2-k141_86002_frag_1	A8_2-k141_86002	not present	NA	NA	NA	37354	NA	NA	NA	NA	50153	NA	NA	NA
A8_2-k141_88586_frag_1	A8_2-k141_88586	not present	NA	NA	NA	34026	NA	NA	NA	NA	211402	NA	NA	NA
A8_2-k141_9489_frag_1	A8_2-k141_9489	not present	NA	NA	NA	34651	NA	NA	NA	NA	78044	NA	NA	NA
A9_2-k141_154999_frag_1	A9_2-k141_154999	not present	NA	NA	NA	42199	NA	NA	NA	NA	47864	NA	NA	NA
A9_2-k141_173629_frag_1	A9_2-k141_173629	not present	NA	NA	NA	48898	NA	NA	NA	NA	75524	NA	NA	NA
A9_2-k141_185865_frag_1	A9_2-k141_185865	not present	NA	NA	NA	35631	NA	NA	NA	NA	52464	NA	NA	NA
A9_2-k141_198554_frag_1	A9_2-k141_198554	not present	NA	NA	NA	44143	NA	NA	NA	NA	183773	NA	NA	NA
A9_2-k141_24686_frag_1	A9_2-k141_24686	not present	NA	NA	NA	60373	NA	NA	NA	NA	63117	NA	NA	NA
A9_2-k141_57957_frag_1	A9_2-k141_57957	not present	NA	NA	NA	29441	NA	NA	NA	NA	65748	NA	NA	NA
B11_2-k141_34741_frag_1	B11_2-k141_34741	not present	NA	NA	NA	29351	NA	NA	NA	NA	181426	NA	NA	NA
B11_2-k141_49844_frag_1	B11_2-k141_49844	not present	NA	NA	NA	29755	NA	NA	NA	NA	77436	NA	NA	NA
B13_2-k141_57935_frag_1	B13_2-k141_57935	not present	NA	NA	NA	35507	NA	NA	NA	NA	818694	NA	NA	NA
B15_2-k141_8904_frag_1	B15_2-k141_8904	not present	NA	NA	NA	28396	NA	NA	NA	NA	78656	NA	NA	NA
B17_1-k141_33816_frag_1	B17_1-k141_33816	not present	NA	NA	NA	29973	NA	NA	NA	NA	49254	NA	NA	NA
B17_1-k141_6024_frag_1	B17_1-k141_6024	not present	NA	NA	NA	27102	NA	NA	NA	NA	38373	NA	NA	NA
B17_2-k141_14558_frag_1	B17_2-k141_14558	not present	NA	NA	NA	49156	NA	NA	NA	NA	129821	NA	NA	NA
B1_2-k141_70933_frag_1	B1_2-k141_70933	not present	NA	NA	NA	71900	NA	NA	NA	NA	105531	NA	NA	NA
B23_2-k141_27486_frag_1	B23_2-k141_27486	not present	NA	NA	NA	40532	NA	NA	NA	NA	85004	NA	NA	NA
B23_2-k141_30314_frag_1	B23_2-k141_30314	not present	NA	NA	NA	43437	NA	NA	NA	NA	93564	NA	NA	NA
B23_2-k141_34705_frag_1	B23_2-k141_34705	not present	NA	NA	NA	31710	NA	NA	NA	NA	127419	NA	NA	NA
B23_2-k141_41781_frag_1	B23_2-k141_41781	not present	NA	NA	NA	31180	NA	NA	NA	NA	68615	NA	NA	NA
B23_2-k141_43068_frag_1	B23_2-k141_43068	not present	NA	NA	NA	55211	NA	NA	NA	NA	442346	NA	NA	NA
B23_2-k141_6274_frag_1	B23_2-k141_6274	not present	NA	NA	NA	40874	NA	NA	NA	NA	47698	NA	NA	NA
B3_2-k141_37400_frag_1	B3_2-k141_37400	not present	NA	NA	NA	38271	NA	NA	NA	NA	45885	NA	NA	NA
B3_2-k141_45267_frag_1	B3_2-k141_45267	not present	NA	NA	NA	58471	NA	NA	NA	NA	187787	NA	NA	NA
B3_2-k141_95580_frag_1	B3_2-k141_95580	not present	NA	NA	NA	49652	NA	NA	NA	NA	84909	NA	NA	NA
B5_2-k141_37866_frag_1	B5_2-k141_37866	not present	NA	NA	NA	37307	NA	NA	NA	NA	58351	NA	NA	NA
B9_2-k141_43405_frag_1	B9_2-k141_43405	not present	NA	NA	NA	45695	NA	NA	NA	NA	174342	NA	NA	NA
C11_1-k141_98109_frag_1	C11_1-k141_98109	not present	NA	NA	NA	35511	NA	NA	NA	NA	63071	NA	NA	NA
C11_2-k141_202524_frag_1	C11_2-k141_202524	not present	NA	NA	NA	59747	NA	NA	NA	NA	74626	NA	NA	NA
C11_2-k141_71430_frag_1	C11_2-k141_71430	not present	NA	NA	NA	34833	NA	NA	NA	NA	92009	NA	NA	NA
C11_2-k141_75350_frag_1	C11_2-k141_75350	not present	NA	NA	NA	34144	NA	NA	NA	NA	104591	NA	NA	NA
C13_1-k141_111672_frag_1	C13_1-k141_111672	not present	NA	NA	NA	54602	NA	NA	NA	NA	59024	NA	NA	NA
C13_1-k141_2370_frag_1	C13_1-k141_2370	not present	NA	NA	NA	45872	NA	NA	NA	NA	49684	NA	NA	NA
C13_1-k141_76216_frag_1	C13_1-k141_76216	not present	NA	NA	NA	41529	NA	NA	NA	NA	87779	NA	NA	NA
C13_2-k141_135039_frag_1	C13_2-k141_135039	not present	NA	NA	NA	50471	NA	NA	NA	NA	143264	NA	NA	NA
C13_2-k141_14016_frag_1	C13_2-k141_14016	not present	NA	NA	NA	50063	NA	NA	NA	NA	156688	NA	NA	NA
C13_2-k141_186049_frag_1	C13_2-k141_186049	not present	NA	NA	NA	78343	NA	NA	NA	NA	155533	NA	NA	NA
C13_2-k141_45399_frag_1	C13_2-k141_45399	not present	NA	NA	NA	92012	NA	NA	NA	NA	113263	NA	NA	NA
C13_2-k141_7825_frag_1	C13_2-k141_7825	not present	NA	NA	NA	43305	NA	NA	NA	NA	120189	NA	NA	NA
C13_2-k141_92872_frag_1	C13_2-k141_92872	not present	NA	NA	NA	25584	NA	NA	NA	NA	46959	NA	NA	NA
C15_1-k141_176942_frag_1	C15_1-k141_176942	not present	NA	NA	NA	33351	NA	NA	NA	NA	37692	NA	NA	NA
C15_1-k141_200213_frag_1	C15_1-k141_200213	not present	NA	NA	NA	50039	NA	NA	NA	NA	63222	NA	NA	NA
C15_1-k141_201913_frag_1	C15_1-k141_201913	not present	NA	NA	NA	37118	NA	NA	NA	NA	59479	NA	NA	NA
C15_1-k141_208764_frag_1	C15_1-k141_208764	not present	NA	NA	NA	57605	NA	NA	NA	NA	88278	NA	NA	NA
C15_1-k141_214734_frag_1	C15_1-k141_214734	not present	NA	NA	NA	34091	NA	NA	NA	NA	44793	NA	NA	NA
C15_1-k141_37478_frag_1	C15_1-k141_37478	not present	NA	NA	NA	30352	NA	NA	NA	NA	176551	NA	NA	NA
C15_1-k141_49493_frag_1	C15_1-k141_49493	not present	NA	NA	NA	49845	NA	NA	NA	NA	122860	NA	NA	NA
C15_2-k141_0_frag_1	C15_2-k141_0	not present	NA	NA	NA	47184	NA	NA	NA	NA	126403	NA	NA	NA
C15_2-k141_10742_frag_1	C15_2-k141_10742	not present	NA	NA	NA	68436	NA	NA	NA	NA	156661	NA	NA	NA
C15_2-k141_141625_frag_1	C15_2-k141_141625	not present	NA	NA	NA	37985	NA	NA	NA	NA	86273	NA	NA	NA
C15_2-k141_181356_frag_1	C15_2-k141_181356	not present	NA	NA	NA	122429	NA	NA	NA	NA	125151	NA	NA	NA
C15_2-k141_207351_frag_1	C15_2-k141_207351	not present	NA	NA	NA	33745	NA	NA	NA	NA	103072	NA	NA	NA
C15_2-k141_26808_frag_1	C15_2-k141_26808	not present	NA	NA	NA	54084	NA	NA	NA	NA	99481	NA	NA	NA
C15_2-k141_60792_frag_1	C15_2-k141_60792	not present	NA	NA	NA	42782	NA	NA	NA	NA	89319	NA	NA	NA
C16_2-k141_1727_frag_1	C16_2-k141_1727	not present	NA	NA	NA	39726	NA	NA	NA	NA	50527	NA	NA	NA
C17_1-k141_118334_frag_1	C17_1-k141_118334	not present	NA	NA	NA	132596	NA	NA	NA	NA	237992	NA	NA	NA
C17_1-k141_48019_frag_1	C17_1-k141_48019	not present	NA	NA	NA	37286	NA	NA	NA	NA	54840	NA	NA	NA
C17_2-k141_112099_frag_1	C17_2-k141_112099	not present	NA	NA	NA	34353	NA	NA	NA	NA	100642	NA	NA	NA
C17_2-k141_138466_frag_1	C17_2-k141_138466	not present	NA	NA	NA	32755	NA	NA	NA	NA	136323	NA	NA	NA
C17_2-k141_150547_frag_1	C17_2-k141_150547	not present	NA	NA	NA	45266	NA	NA	NA	NA	59837	NA	NA	NA
C17_2-k141_32380_frag_1	C17_2-k141_32380	not present	NA	NA	NA	64501	NA	NA	NA	NA	68847	NA	NA	NA
C17_2-k141_70316_frag_1	C17_2-k141_70316	not present	NA	NA	NA	37126	NA	NA	NA	NA	73622	NA	NA	NA
C17_2-k141_75991_frag_1	C17_2-k141_75991	not present	NA	NA	NA	69804	NA	NA	NA	NA	94789	NA	NA	NA
C18_2-k141_22054_frag_1	C18_2-k141_22054	not present	NA	NA	NA	31764	NA	NA	NA	NA	61506	NA	NA	NA
C18_2-k141_3893_frag_1	C18_2-k141_3893	not present	NA	NA	NA	43758	NA	NA	NA	NA	168422	NA	NA	NA
C19_2-k141_166749_frag_1	C19_2-k141_166749	not present	NA	NA	NA	30611	NA	NA	NA	NA	59033	NA	NA	NA
C19_2-k141_194513_frag_1	C19_2-k141_194513	not present	NA	NA	NA	32970	NA	NA	NA	NA	52445	NA	NA	NA
C19_2-k141_268759_frag_1	C19_2-k141_268759	not present	NA	NA	NA	52506	NA	NA	NA	NA	150643	NA	NA	NA
C1_2-k141_202200_frag_1	C1_2-k141_202200	not present	NA	NA	NA	46708	NA	NA	NA	NA	68083	NA	NA	NA
C1_2-k141_31614_frag_1	C1_2-k141_31614	not present	NA	NA	NA	4383	NA	NA	NA	NA	6651	NA	NA	NA
C1_2-k141_72769_frag_1	C1_2-k141_72769	not present	NA	NA	NA	29551	NA	NA	NA	NA	47704	NA	NA	NA
C1_2-k141_94561_frag_1	C1_2-k141_94561	not present	NA	NA	NA	4658	NA	NA	NA	NA	6551	NA	NA	NA
C20_2-k141_10780_frag_1	C20_2-k141_10780	not present	NA	NA	NA	34364	NA	NA	NA	NA	151772	NA	NA	NA
C20_2-k141_11996_frag_1	C20_2-k141_11996	not present	NA	NA	NA	37957	NA	NA	NA	NA	171973	NA	NA	NA
C20_2-k141_14272_frag_1	C20_2-k141_14272	not present	NA	NA	NA	37171	NA	NA	NA	NA	42040	NA	NA	NA
C20_2-k141_15705_frag_1	C20_2-k141_15705	not present	NA	NA	NA	37286	NA	NA	NA	NA	64110	NA	NA	NA
C21_2-k141_193279_frag_1	C21_2-k141_193279	not present	NA	NA	NA	36572	NA	NA	NA	NA	56874	NA	NA	NA
C21_2-k141_267729_frag_1	C21_2-k141_267729	not present	NA	NA	NA	36624	NA	NA	NA	NA	178298	NA	NA	NA
C21_2-k141_34568_frag_1	C21_2-k141_34568	not present	NA	NA	NA	34741	NA	NA	NA	NA	102290	NA	NA	NA
C21_2-k141_65632_frag_1	C21_2-k141_65632	not present	NA	NA	NA	35361	NA	NA	NA	NA	45150	NA	NA	NA
C22_2-k141_1701_frag_1	C22_2-k141_1701	not present	NA	NA	NA	36637	NA	NA	NA	NA	76636	NA	NA	NA
C22_2-k141_37635_frag_1	C22_2-k141_37635	not present	NA	NA	NA	45685	NA	NA	NA	NA	233184	NA	NA	NA
C23_1-k141_18099_frag_1	C23_1-k141_18099	not present	NA	NA	NA	72125	NA	NA	NA	NA	77667	NA	NA	NA
C23_1-k141_39005_frag_1	C23_1-k141_39005	not present	NA	NA	NA	41117	NA	NA	NA	NA	60851	NA	NA	NA
C23_2-k141_163814_frag_1	C23_2-k141_163814	not present	NA	NA	NA	26838	NA	NA	NA	NA	56745	NA	NA	NA
C23_2-k141_164129_frag_1	C23_2-k141_164129	not present	NA	NA	NA	3916	NA	NA	NA	NA	5513	NA	NA	NA
C23_2-k141_191701_frag_1	C23_2-k141_191701	not present	NA	NA	NA	48674	NA	NA	NA	NA	50836	NA	NA	NA
C23_2-k141_20906_frag_1	C23_2-k141_20906	not present	NA	NA	NA	34259	NA	NA	NA	NA	77145	NA	NA	NA
C23_2-k141_82160_frag_1	C23_2-k141_82160	not present	NA	NA	NA	37335	NA	NA	NA	NA	80005	NA	NA	NA
C23_2-k141_92874_frag_1	C23_2-k141_92874	not present	NA	NA	NA	79190	NA	NA	NA	NA	130033	NA	NA	NA
C2_2-k141_49953_frag_1	C2_2-k141_49953	not present	NA	NA	NA	45433	NA	NA	NA	NA	218432	NA	NA	NA
C3_2-k141_112494_frag_1	C3_2-k141_112494	not present	NA	NA	NA	39261	NA	NA	NA	NA	62345	NA	NA	NA
C3_2-k141_166963_frag_1	C3_2-k141_166963	not present	NA	NA	NA	59270	NA	NA	NA	NA	173902	NA	NA	NA
C3_2-k141_45883_frag_1	C3_2-k141_45883	not present	NA	NA	NA	33268	NA	NA	NA	NA	81583	NA	NA	NA
C3_2-k141_68830_frag_1	C3_2-k141_68830	not present	NA	NA	NA	54492	NA	NA	NA	NA	99689	NA	NA	NA
C3_2-k141_9546_frag_1	C3_2-k141_9546	not present	NA	NA	NA	74615	NA	NA	NA	NA	87591	NA	NA	NA
C5_2-k141_113570_frag_1	C5_2-k141_113570	not present	NA	NA	NA	35121	NA	NA	NA	NA	46323	NA	NA	NA
C7_1-k141_32628_frag_1	C7_1-k141_32628	not present	NA	NA	NA	41277	NA	NA	NA	NA	109022	NA	NA	NA
C7_1-k141_57264_frag_1	C7_1-k141_57264	not present	NA	NA	NA	50263	NA	NA	NA	NA	163331	NA	NA	NA
C7_1-k141_92743_frag_1	C7_1-k141_92743	not present	NA	NA	NA	27372	NA	NA	NA	NA	120485	NA	NA	NA
C7_2-k141_161170_frag_1	C7_2-k141_161170	not present	NA	NA	NA	76800	NA	NA	NA	NA	81614	NA	NA	NA
C7_2-k141_70725_frag_1	C7_2-k141_70725	not present	NA	NA	NA	39383	NA	NA	NA	NA	426539	NA	NA	NA
C8_2-k141_23067_frag_1	C8_2-k141_23067	not present	NA	NA	NA	49153	NA	NA	NA	NA	219160	NA	NA	NA
C8_2-k141_7661_frag_1	C8_2-k141_7661	not present	NA	NA	NA	55818	NA	NA	NA	NA	135302	NA	NA	NA
C9_1-k141_36107_frag_1	C9_1-k141_36107	not present	NA	NA	NA	82038	NA	NA	NA	NA	86576	NA	NA	NA
C9_1-k141_47960_frag_1	C9_1-k141_47960	not present	NA	NA	NA	61451	NA	NA	NA	NA	90930	NA	NA	NA
C9_1-k141_9832_frag_1	C9_1-k141_9832	not present	NA	NA	NA	53849	NA	NA	NA	NA	162913	NA	NA	NA
C9_2-k141_114537_frag_1	C9_2-k141_114537	not present	NA	NA	NA	43060	NA	NA	NA	NA	46248	NA	NA	NA
C9_2-k141_33699_frag_1	C9_2-k141_33699	not present	NA	NA	NA	37589	NA	NA	NA	NA	50765	NA	NA	NA
C9_2-k141_59097_frag_1	C9_2-k141_59097	not present	NA	NA	NA	59604	NA	NA	NA	NA	110003	NA	NA	NA
C9_2-k141_78995_frag_1	C9_2-k141_78995	not present	NA	NA	NA	54744	NA	NA	NA	NA	76496	NA	NA	NA
D21_2-k141_31082_frag_1	D21_2-k141_31082	not present	NA	NA	NA	14565	NA	NA	NA	NA	15786	NA	NA	NA
D21_2-k141_44659_frag_1	D21_2-k141_44659	not present	NA	NA	NA	57373	NA	NA	NA	NA	214483	NA	NA	NA
D23_2-k141_25913_frag_1	D23_2-k141_25913	not present	NA	NA	NA	35904	NA	NA	NA	NA	87895	NA	NA	NA
D23_2-k141_3101_frag_1	D23_2-k141_3101	not present	NA	NA	NA	38366	NA	NA	NA	NA	62576	NA	NA	NA
D23_2-k141_6028_frag_1	D23_2-k141_6028	not present	NA	NA	NA	34226	NA	NA	NA	NA	117307	NA	NA	NA
D3_2-k141_15527_frag_1	D3_2-k141_15527	not present	NA	NA	NA	43596	NA	NA	NA	NA	86045	NA	NA	NA
E11_1-k141_11720_frag_1	E11_1-k141_11720	not present	NA	NA	NA	43414	NA	NA	NA	NA	243583	NA	NA	NA
E11_1-k141_13932_frag_1	E11_1-k141_13932	not present	NA	NA	NA	80940	NA	NA	NA	NA	87817	NA	NA	NA
E11_2-k141_5191_frag_1	E11_2-k141_5191	not present	NA	NA	NA	47003	NA	NA	NA	NA	52889	NA	NA	NA
E11_2-k141_77962_frag_1	E11_2-k141_77962	not present	NA	NA	NA	30712	NA	NA	NA	NA	45294	NA	NA	NA
E15_1-k141_6291_frag_1	E15_1-k141_6291	not present	NA	NA	NA	81975	NA	NA	NA	NA	91413	NA	NA	NA
E19_2-k141_17973_frag_1	E19_2-k141_17973	not present	NA	NA	NA	48390	NA	NA	NA	NA	66207	NA	NA	NA
E19_2-k141_45215_frag_1	E19_2-k141_45215	not present	NA	NA	NA	48411	NA	NA	NA	NA	154059	NA	NA	NA
E19_2-k141_59697_frag_1	E19_2-k141_59697	not present	NA	NA	NA	35006	NA	NA	NA	NA	74232	NA	NA	NA
E1_1-k141_16089_frag_1	E1_1-k141_16089	not present	NA	NA	NA	59046	NA	NA	NA	NA	90310	NA	NA	NA
E1_2-k141_140482_frag_1	E1_2-k141_140482	not present	NA	NA	NA	61177	NA	NA	NA	NA	93669	NA	NA	NA
E1_2-k141_188985_frag_1	E1_2-k141_188985	not present	NA	NA	NA	61564	NA	NA	NA	NA	66939	NA	NA	NA
E20_2-k141_29998_frag_1	E20_2-k141_29998	not present	NA	NA	NA	40434	NA	NA	NA	NA	171733	NA	NA	NA
E20_2-k141_32424_frag_1	E20_2-k141_32424	not present	NA	NA	NA	31173	NA	NA	NA	NA	63039	NA	NA	NA
E20_2-k141_3272_frag_1	E20_2-k141_3272	not present	NA	NA	NA	48836	NA	NA	NA	NA	180882	NA	NA	NA
E23_1-k141_11645_frag_1	E23_1-k141_11645	not present	NA	NA	NA	28089	NA	NA	NA	NA	66106	NA	NA	NA
E23_1-k141_127123_frag_1	E23_1-k141_127123	not present	NA	NA	NA	4983	NA	NA	NA	NA	6841	NA	NA	NA
E23_1-k141_60915_frag_1	E23_1-k141_60915	not present	NA	NA	NA	67521	NA	NA	NA	NA	84034	NA	NA	NA
E23_1-k141_77083_frag_1	E23_1-k141_77083	not present	NA	NA	NA	34083	NA	NA	NA	NA	52004	NA	NA	NA
E23_1-k141_96902_frag_1	E23_1-k141_96902	not present	NA	NA	NA	38525	NA	NA	NA	NA	75104	NA	NA	NA
E23_2-k141_118187_frag_1	E23_2-k141_118187	not present	NA	NA	NA	50047	NA	NA	NA	NA	65522	NA	NA	NA
E23_2-k141_118269_frag_1	E23_2-k141_118269	not present	NA	NA	NA	60900	NA	NA	NA	NA	109581	NA	NA	NA
E23_2-k141_16721_frag_1	E23_2-k141_16721	not present	NA	NA	NA	4507	NA	NA	NA	NA	59102	NA	NA	NA
E23_2-k141_48534_frag_1	E23_2-k141_48534	not present	NA	NA	NA	35302	NA	NA	NA	NA	128269	NA	NA	NA
E2_2-k141_122795_frag_1	E2_2-k141_122795	not present	NA	NA	NA	39861	NA	NA	NA	NA	86816	NA	NA	NA
E2_2-k141_60575_frag_1	E2_2-k141_60575	not present	NA	NA	NA	3600	NA	NA	NA	NA	4813	NA	NA	NA
E2_2-k141_63926_frag_1	E2_2-k141_63926	not present	NA	NA	NA	66660	NA	NA	NA	NA	80121	NA	NA	NA
E2_2-k141_65505_frag_1	E2_2-k141_65505	not present	NA	NA	NA	51824	NA	NA	NA	NA	64788	NA	NA	NA
E2_2-k141_66838_frag_1	E2_2-k141_66838	not present	NA	NA	NA	41846	NA	NA	NA	NA	202763	NA	NA	NA
E3_1-k141_10296_frag_1	E3_1-k141_10296	not present	NA	NA	NA	35598	NA	NA	NA	NA	56538	NA	NA	NA
E3_2-k141_161628_frag_1	E3_2-k141_161628	not present	NA	NA	NA	66157	NA	NA	NA	NA	72839	NA	NA	NA
E3_2-k141_231810_frag_1	E3_2-k141_231810	not present	NA	NA	NA	55134	NA	NA	NA	NA	77416	NA	NA	NA
E3_2-k141_246731_frag_1	E3_2-k141_246731	not present	NA	NA	NA	60003	NA	NA	NA	NA	70029	NA	NA	NA
E5_2-k141_27286_frag_1	E5_2-k141_27286	not present	NA	NA	NA	46336	NA	NA	NA	NA	76475	NA	NA	NA
E5_2-k141_28404_frag_1	E5_2-k141_28404	not present	NA	NA	NA	63099	NA	NA	NA	NA	88784	NA	NA	NA
E5_2-k141_37283_frag_1	E5_2-k141_37283	not present	NA	NA	NA	38795	NA	NA	NA	NA	53010	NA	NA	NA
E5_2-k141_57507_frag_1	E5_2-k141_57507	not present	NA	NA	NA	28933	NA	NA	NA	NA	82915	NA	NA	NA
E5_2-k141_82143_frag_1	E5_2-k141_82143	not present	NA	NA	NA	31338	NA	NA	NA	NA	47242	NA	NA	NA
E5_2-k141_9075_frag_1	E5_2-k141_9075	not present	NA	NA	NA	34482	NA	NA	NA	NA	108561	NA	NA	NA
E7_2-k141_153816_frag_1	E7_2-k141_153816	not present	NA	NA	NA	36965	NA	NA	NA	NA	73781	NA	NA	NA
E7_2-k141_180744_frag_1	E7_2-k141_180744	not present	NA	NA	NA	29970	NA	NA	NA	NA	39814	NA	NA	NA
E7_2-k141_194637_frag_1	E7_2-k141_194637	not present	NA	NA	NA	32259	NA	NA	NA	NA	57580	NA	NA	NA
E7_2-k141_89953_frag_1	E7_2-k141_89953	not present	NA	NA	NA	32766	NA	NA	NA	NA	61914	NA	NA	NA
E9_1-k141_11393_frag_1	E9_1-k141_11393	not present	NA	NA	NA	31591	NA	NA	NA	NA	48933	NA	NA	NA
E9_1-k141_76186_frag_1	E9_1-k141_76186	not present	NA	NA	NA	33918	NA	NA	NA	NA	40198	NA	NA	NA
E9_1-k141_79363_frag_1	E9_1-k141_79363	not present	NA	NA	NA	62579	NA	NA	NA	NA	76648	NA	NA	NA
E9_2-k141_116653_frag_1	E9_2-k141_116653	not present	NA	NA	NA	55005	NA	NA	NA	NA	111315	NA	NA	NA
E9_2-k141_130734_frag_1	E9_2-k141_130734	not present	NA	NA	NA	32576	NA	NA	NA	NA	55962	NA	NA	NA
E9_2-k141_74782_frag_1	E9_2-k141_74782	not present	NA	NA	NA	55000	NA	NA	NA	NA	162585	NA	NA	NA
F11_2-k141_18323_frag_1	F11_2-k141_18323	not present	NA	NA	NA	49133	NA	NA	NA	NA	87250	NA	NA	NA
F17_1-k141_11945_frag_1	F17_1-k141_11945	not present	NA	NA	NA	47003	NA	NA	NA	NA	86022	NA	NA	NA
F23_1-k141_21238_frag_1	F23_1-k141_21238	not present	NA	NA	NA	61955	NA	NA	NA	NA	63592	NA	NA	NA
G10_2-k141_100921_frag_1	G10_2-k141_100921	not present	NA	NA	NA	48095	NA	NA	NA	NA	116357	NA	NA	NA
G10_2-k141_64663_frag_1	G10_2-k141_64663	not present	NA	NA	NA	54151	NA	NA	NA	NA	116206	NA	NA	NA
G10_2-k141_70178_frag_1	G10_2-k141_70178	not present	NA	NA	NA	43360	NA	NA	NA	NA	157602	NA	NA	NA
G10_2-k141_85573_frag_1	G10_2-k141_85573	not present	NA	NA	NA	82309	NA	NA	NA	NA	86600	NA	NA	NA
G10_2-k141_91595_frag_1	G10_2-k141_91595	not present	NA	NA	NA	101641	NA	NA	NA	NA	150999	NA	NA	NA
G10_2-k141_96935_frag_1	G10_2-k141_96935	not present	NA	NA	NA	58948	NA	NA	NA	NA	69593	NA	NA	NA
G11_2-k141_123085_frag_1	G11_2-k141_123085	not present	NA	NA	NA	89854	NA	NA	NA	NA	269288	NA	NA	NA
G11_2-k141_4002_frag_1	G11_2-k141_4002	not present	NA	NA	NA	39083	NA	NA	NA	NA	55698	NA	NA	NA
G11_2-k141_40082_frag_1	G11_2-k141_40082	not present	NA	NA	NA	141645	NA	NA	NA	NA	182776	NA	NA	NA
G11_2-k141_78269_frag_1	G11_2-k141_78269	not present	NA	NA	NA	37481	NA	NA	NA	NA	83360	NA	NA	NA
G11_2-k141_83552_frag_1	G11_2-k141_83552	not present	NA	NA	NA	30672	NA	NA	NA	NA	163057	NA	NA	NA
G13_2-k141_137935_frag_1	G13_2-k141_137935	not present	NA	NA	NA	53811	NA	NA	NA	NA	102100	NA	NA	NA
G13_2-k141_49353_frag_1	G13_2-k141_49353	not present	NA	NA	NA	136497	NA	NA	NA	NA	139740	NA	NA	NA
G13_2-k141_72657_frag_1	G13_2-k141_72657	not present	NA	NA	NA	35646	NA	NA	NA	NA	38216	NA	NA	NA
G13_2-k141_94940_frag_1	G13_2-k141_94940	not present	NA	NA	NA	5027	NA	NA	NA	NA	8270	NA	NA	NA
G14_2-k141_101355_frag_1	G14_2-k141_101355	not present	NA	NA	NA	33555	NA	NA	NA	NA	119536	NA	NA	NA
G14_2-k141_50023_frag_1	G14_2-k141_50023	not present	NA	NA	NA	28741	NA	NA	NA	NA	51590	NA	NA	NA
G14_2-k141_86876_frag_1	G14_2-k141_86876	not present	NA	NA	NA	31760	NA	NA	NA	NA	35944	NA	NA	NA
G14_2-k141_91319_frag_1	G14_2-k141_91319	not present	NA	NA	NA	30621	NA	NA	NA	NA	62914	NA	NA	NA
G15_2-k141_55480_frag_1	G15_2-k141_55480	not present	NA	NA	NA	33903	NA	NA	NA	NA	52411	NA	NA	NA
G15_2-k141_84345_frag_1	G15_2-k141_84345	not present	NA	NA	NA	33375	NA	NA	NA	NA	66295	NA	NA	NA
G15_2-k141_87130_frag_1	G15_2-k141_87130	not present	NA	NA	NA	38887	NA	NA	NA	NA	44325	NA	NA	NA
G15_2-k141_88312_frag_1	G15_2-k141_88312	not present	NA	NA	NA	29820	NA	NA	NA	NA	70481	NA	NA	NA
G17_2-k141_145354_frag_1	G17_2-k141_145354	not present	NA	NA	NA	50504	NA	NA	NA	NA	123963	NA	NA	NA
G17_2-k141_76320_frag_1	G17_2-k141_76320	not present	NA	NA	NA	35797	NA	NA	NA	NA	68868	NA	NA	NA
G17_2-k141_891_frag_1	G17_2-k141_891	not present	NA	NA	NA	38301	NA	NA	NA	NA	151280	NA	NA	NA
G18_2-k141_90798_frag_1	G18_2-k141_90798	not present	NA	NA	NA	47922	NA	NA	NA	NA	64681	NA	NA	NA
G19_1-k141_47509_frag_1	G19_1-k141_47509	not present	NA	NA	NA	33772	NA	NA	NA	NA	69971	NA	NA	NA
G19_2-k141_151634_frag_1	G19_2-k141_151634	not present	NA	NA	NA	52577	NA	NA	NA	NA	77315	NA	NA	NA
G19_2-k141_75921_frag_1	G19_2-k141_75921	not present	NA	NA	NA	46411	NA	NA	NA	NA	96375	NA	NA	NA
G1_2-k141_106245_frag_1	G1_2-k141_106245	not present	NA	NA	NA	35827	NA	NA	NA	NA	51585	NA	NA	NA
G1_2-k141_122104_frag_1	G1_2-k141_122104	not present	NA	NA	NA	27204	NA	NA	NA	NA	38330	NA	NA	NA
G1_2-k141_9169_frag_1	G1_2-k141_9169	not present	NA	NA	NA	52462	NA	NA	NA	NA	67343	NA	NA	NA
G20_2-k141_100496_frag_1	G20_2-k141_100496	not present	NA	NA	NA	23115	NA	NA	NA	NA	88677	NA	NA	NA
G20_2-k141_28693_frag_1	G20_2-k141_28693	not present	NA	NA	NA	61526	NA	NA	NA	NA	73947	NA	NA	NA
G20_2-k141_58321_frag_1	G20_2-k141_58321	not present	NA	NA	NA	42869	NA	NA	NA	NA	56624	NA	NA	NA
G21_2-k141_21262_frag_1	G21_2-k141_21262	not present	NA	NA	NA	30875	NA	NA	NA	NA	147582	NA	NA	NA
G21_2-k141_34577_frag_1	G21_2-k141_34577	not present	NA	NA	NA	42310	NA	NA	NA	NA	103782	NA	NA	NA
G21_2-k141_64191_frag_1	G21_2-k141_64191	not present	NA	NA	NA	55223	NA	NA	NA	NA	77399	NA	NA	NA
G21_2-k141_64466_frag_1	G21_2-k141_64466	not present	NA	NA	NA	126005	NA	NA	NA	NA	203022	NA	NA	NA
G22_2-k141_33402_frag_1	G22_2-k141_33402	not present	NA	NA	NA	29405	NA	NA	NA	NA	38107	NA	NA	NA
G22_2-k141_54966_frag_1	G22_2-k141_54966	not present	NA	NA	NA	34530	NA	NA	NA	NA	88971	NA	NA	NA
G22_2-k141_64480_frag_1	G22_2-k141_64480	not present	NA	NA	NA	40919	NA	NA	NA	NA	316290	NA	NA	NA
G23_2-k141_101962_frag_1	G23_2-k141_101962	not present	NA	NA	NA	37890	NA	NA	NA	NA	54317	NA	NA	NA
G23_2-k141_32056_frag_1	G23_2-k141_32056	not present	NA	NA	NA	35934	NA	NA	NA	NA	37595	NA	NA	NA
G23_2-k141_55368_frag_1	G23_2-k141_55368	not present	NA	NA	NA	62010	NA	NA	NA	NA	65505	NA	NA	NA
G23_2-k141_5968_frag_1	G23_2-k141_5968	not present	NA	NA	NA	62146	NA	NA	NA	NA	77842	NA	NA	NA
G23_2-k141_710_frag_1	G23_2-k141_710	not present	NA	NA	NA	55873	NA	NA	NA	NA	88919	NA	NA	NA
G23_2-k141_93757_frag_1	G23_2-k141_93757	not present	NA	NA	NA	33302	NA	NA	NA	NA	79981	NA	NA	NA
G23_2-k141_99832_frag_1	G23_2-k141_99832	not present	NA	NA	NA	30503	NA	NA	NA	NA	47882	NA	NA	NA
G2_2-k141_67665_frag_1	G2_2-k141_67665	not present	NA	NA	NA	42889	NA	NA	NA	NA	69112	NA	NA	NA
G3_2-k141_103372_frag_1	G3_2-k141_103372	not present	NA	NA	NA	50526	NA	NA	NA	NA	60982	NA	NA	NA
G3_2-k141_48369_frag_1	G3_2-k141_48369	not present	NA	NA	NA	59155	NA	NA	NA	NA	60898	NA	NA	NA
G3_2-k141_53894_frag_1	G3_2-k141_53894	not present	NA	NA	NA	73357	NA	NA	NA	NA	78624	NA	NA	NA
G4_2-k141_111301_frag_1	G4_2-k141_111301	not present	NA	NA	NA	32628	NA	NA	NA	NA	40568	NA	NA	NA
G4_2-k141_135830_frag_1	G4_2-k141_135830	not present	NA	NA	NA	94020	NA	NA	NA	NA	130757	NA	NA	NA
G4_2-k141_35260_frag_1	G4_2-k141_35260	not present	NA	NA	NA	27202	NA	NA	NA	NA	78989	NA	NA	NA
G4_2-k141_56332_frag_1	G4_2-k141_56332	not present	NA	NA	NA	29365	NA	NA	NA	NA	43732	NA	NA	NA
G5_2-k141_102893_frag_1	G5_2-k141_102893	not present	NA	NA	NA	29223	NA	NA	NA	NA	56921	NA	NA	NA
G5_2-k141_134259_frag_1	G5_2-k141_134259	not present	NA	NA	NA	168137	NA	NA	NA	NA	173193	NA	NA	NA
G5_2-k141_23463_frag_1	G5_2-k141_23463	not present	NA	NA	NA	47046	NA	NA	NA	NA	82849	NA	NA	NA
G5_2-k141_2732_frag_1	G5_2-k141_2732	not present	NA	NA	NA	38702	NA	NA	NA	NA	62334	NA	NA	NA
G5_2-k141_63066_frag_1	G5_2-k141_63066	not present	NA	NA	NA	49516	NA	NA	NA	NA	64953	NA	NA	NA
G5_2-k141_64029_frag_1	G5_2-k141_64029	not present	NA	NA	NA	41488	NA	NA	NA	NA	69618	NA	NA	NA
G5_2-k141_81323_frag_1	G5_2-k141_81323	not present	NA	NA	NA	37781	NA	NA	NA	NA	69879	NA	NA	NA
G6_2-k141_9077_frag_1	G6_2-k141_9077	not present	NA	NA	NA	147934	NA	NA	NA	NA	202706	NA	NA	NA
G7_2-k141_60263_frag_1	G7_2-k141_60263	not present	NA	NA	NA	31659	NA	NA	NA	NA	121742	NA	NA	NA
G7_2-k141_68955_frag_1	G7_2-k141_68955	not present	NA	NA	NA	46434	NA	NA	NA	NA	67697	NA	NA	NA
G8_2-k141_22144_frag_1	G8_2-k141_22144	not present	NA	NA	NA	46995	NA	NA	NA	NA	51951	NA	NA	NA
G9_1-k141_34936_frag_1	G9_1-k141_34936	not present	NA	NA	NA	40558	NA	NA	NA	NA	50171	NA	NA	NA
G9_1-k141_37639_frag_1	G9_1-k141_37639	not present	NA	NA	NA	3138	NA	NA	NA	NA	71235	NA	NA	NA
G9_2-k141_108738_frag_1	G9_2-k141_108738	not present	NA	NA	NA	64215	NA	NA	NA	NA	168019	NA	NA	NA
G9_2-k141_40050_frag_1	G9_2-k141_40050	not present	NA	NA	NA	56708	NA	NA	NA	NA	72891	NA	NA	NA
G9_2-k141_47891_frag_1	G9_2-k141_47891	not present	NA	NA	NA	40301	NA	NA	NA	NA	55133	NA	NA	NA
G9_2-k141_66817_frag_1	G9_2-k141_66817	not present	NA	NA	NA	58102	NA	NA	NA	NA	61117	NA	NA	NA
G9_2-k141_74477_frag_1	G9_2-k141_74477	not present	NA	NA	NA	49324	NA	NA	NA	NA	67962	NA	NA	NA
G9_2-k141_99736_frag_1	G9_2-k141_99736	not present	NA	NA	NA	49777	NA	NA	NA	NA	82659	NA	NA	NA
H11_2-k141_40405_frag_1	H11_2-k141_40405	not present	NA	NA	NA	60450	NA	NA	NA	NA	80957	NA	NA	NA
H11_2-k141_45755_frag_1	H11_2-k141_45755	not present	NA	NA	NA	44157	NA	NA	NA	NA	113222	NA	NA	NA
H17_2-k141_13799_frag_1	H17_2-k141_13799	not present	NA	NA	NA	38837	NA	NA	NA	NA	73166	NA	NA	NA
H19_2-k141_89040_frag_1	H19_2-k141_89040	not present	NA	NA	NA	47107	NA	NA	NA	NA	53591	NA	NA	NA
H1_2-k141_18149_frag_1	H1_2-k141_18149	not present	NA	NA	NA	43233	NA	NA	NA	NA	53539	NA	NA	NA
H1_2-k141_31690_frag_1	H1_2-k141_31690	not present	NA	NA	NA	31459	NA	NA	NA	NA	50232	NA	NA	NA
H1_2-k141_5508_frag_1	H1_2-k141_5508	not present	NA	NA	NA	53046	NA	NA	NA	NA	60424	NA	NA	NA
H1_2-k141_63394_frag_1	H1_2-k141_63394	not present	NA	NA	NA	34010	NA	NA	NA	NA	46208	NA	NA	NA
H23_2-k141_4257_frag_1	H23_2-k141_4257	not present	NA	NA	NA	37833	NA	NA	NA	NA	140983	NA	NA	NA
H23_2-k141_46560_frag_1	H23_2-k141_46560	not present	NA	NA	NA	73543	NA	NA	NA	NA	188749	NA	NA	NA
I11_1-k141_38946_frag_1	I11_1-k141_38946	not present	NA	NA	NA	60725	NA	NA	NA	NA	575442	NA	NA	NA
I15_1-k141_13679_frag_1	I15_1-k141_13679	not present	NA	NA	NA	67245	NA	NA	NA	NA	92337	NA	NA	NA
I15_2-k141_158943_frag_1	I15_2-k141_158943	not present	NA	NA	NA	36502	NA	NA	NA	NA	42688	NA	NA	NA
I15_2-k141_76647_frag_1	I15_2-k141_76647	not present	NA	NA	NA	41642	NA	NA	NA	NA	44743	NA	NA	NA
I16_2-k141_2278_frag_1	I16_2-k141_2278	not present	NA	NA	NA	35641	NA	NA	NA	NA	41422	NA	NA	NA
I17_2-k141_194087_frag_1	I17_2-k141_194087	not present	NA	NA	NA	37008	NA	NA	NA	NA	43886	NA	NA	NA
I17_2-k141_206337_frag_1	I17_2-k141_206337	not present	NA	NA	NA	32056	NA	NA	NA	NA	35648	NA	NA	NA
I17_2-k141_290777_frag_1	I17_2-k141_290777	not present	NA	NA	NA	35912	NA	NA	NA	NA	52095	NA	NA	NA
I17_2-k141_87820_frag_1	I17_2-k141_87820	not present	NA	NA	NA	38280	NA	NA	NA	NA	121349	NA	NA	NA
I1_1-k141_2715_frag_1	I1_1-k141_2715	not present	NA	NA	NA	66404	NA	NA	NA	NA	72829	NA	NA	NA
I1_1-k141_97406_frag_1	I1_1-k141_97406	not present	NA	NA	NA	37925	NA	NA	NA	NA	48056	NA	NA	NA
I1_2-k141_109066_frag_1	I1_2-k141_109066	not present	NA	NA	NA	59608	NA	NA	NA	NA	273255	NA	NA	NA
I1_2-k141_126489_frag_1	I1_2-k141_126489	not present	NA	NA	NA	33547	NA	NA	NA	NA	120753	NA	NA	NA
I1_2-k141_198491_frag_1	I1_2-k141_198491	not present	NA	NA	NA	47138	NA	NA	NA	NA	78036	NA	NA	NA
I22_2-k141_19457_frag_1	I22_2-k141_19457	not present	NA	NA	NA	111979	NA	NA	NA	NA	153567	NA	NA	NA
I23_1-k141_12412_frag_1	I23_1-k141_12412	not present	NA	NA	NA	62419	NA	NA	NA	NA	190380	NA	NA	NA
I23_1-k141_23869_frag_1	I23_1-k141_23869	not present	NA	NA	NA	37417	NA	NA	NA	NA	60936	NA	NA	NA
I2_2-k141_38730_frag_1	I2_2-k141_38730	not present	NA	NA	NA	31623	NA	NA	NA	NA	76828	NA	NA	NA
I4_2-k141_104898_frag_1	I4_2-k141_104898	not present	NA	NA	NA	60476	NA	NA	NA	NA	254739	NA	NA	NA
I4_2-k141_13131_frag_1	I4_2-k141_13131	not present	NA	NA	NA	36856	NA	NA	NA	NA	95284	NA	NA	NA
I4_2-k141_23829_frag_1	I4_2-k141_23829	not present	NA	NA	NA	39406	NA	NA	NA	NA	58251	NA	NA	NA
I4_2-k141_41503_frag_1	I4_2-k141_41503	not present	NA	NA	NA	37269	NA	NA	NA	NA	344915	NA	NA	NA
I4_2-k141_77277_frag_1	I4_2-k141_77277	not present	NA	NA	NA	101642	NA	NA	NA	NA	153802	NA	NA	NA
I4_2-k141_8218_frag_1	I4_2-k141_8218	not present	NA	NA	NA	125346	NA	NA	NA	NA	399785	NA	NA	NA
I4_2-k141_98913_frag_1	I4_2-k141_98913	not present	NA	NA	NA	58930	NA	NA	NA	NA	62323	NA	NA	NA
I8_2-k141_39508_frag_1	I8_2-k141_39508	not present	NA	NA	NA	40796	NA	NA	NA	NA	118384	NA	NA	NA
I8_2-k141_50871_frag_1	I8_2-k141_50871	not present	NA	NA	NA	35123	NA	NA	NA	NA	333838	NA	NA	NA
J11_2-k141_25779_frag_1	J11_2-k141_25779	not present	NA	NA	NA	39787	NA	NA	NA	NA	43795	NA	NA	NA
J11_2-k141_33203_frag_1	J11_2-k141_33203	not present	NA	NA	NA	62800	NA	NA	NA	NA	189996	NA	NA	NA
J11_2-k141_68036_frag_1	J11_2-k141_68036	not present	NA	NA	NA	45623	NA	NA	NA	NA	53295	NA	NA	NA
J15_1-k141_25736_frag_1	J15_1-k141_25736	not present	NA	NA	NA	53645	NA	NA	NA	NA	131315	NA	NA	NA
J15_1-k141_52399_frag_1	J15_1-k141_52399	not present	NA	NA	NA	34653	NA	NA	NA	NA	126455	NA	NA	NA
J17_2-k141_56195_frag_1	J17_2-k141_56195	not present	NA	NA	NA	32326	NA	NA	NA	NA	41440	NA	NA	NA
J19_2-k141_63453_frag_1	J19_2-k141_63453	not present	NA	NA	NA	34216	NA	NA	NA	NA	40770	NA	NA	NA
J23_1-k141_103108_frag_1	J23_1-k141_103108	not present	NA	NA	NA	41322	NA	NA	NA	NA	49436	NA	NA	NA
J23_1-k141_32459_frag_1	J23_1-k141_32459	not present	NA	NA	NA	65929	NA	NA	NA	NA	71138	NA	NA	NA
J3_2-k141_14649_frag_1	J3_2-k141_14649	not present	NA	NA	NA	30871	NA	NA	NA	NA	50644	NA	NA	NA
J3_2-k141_17899_frag_1	J3_2-k141_17899	not present	NA	NA	NA	33846	NA	NA	NA	NA	47367	NA	NA	NA
J3_2-k141_21603_frag_1	J3_2-k141_21603	not present	NA	NA	NA	34134	NA	NA	NA	NA	71770	NA	NA	NA
J3_2-k141_2789_frag_1	J3_2-k141_2789	not present	NA	NA	NA	40001	NA	NA	NA	NA	47600	NA	NA	NA
J9_2-k141_42319_frag_1	J9_2-k141_42319	not present	NA	NA	NA	38693	NA	NA	NA	NA	43715	NA	NA	NA
J9_2-k141_48031_frag_1	J9_2-k141_48031	not present	NA	NA	NA	41922	NA	NA	NA	NA	239717	NA	NA	NA
K11_2-k141_19182_frag_1	K11_2-k141_19182	not present	NA	NA	NA	39141	NA	NA	NA	NA	44246	NA	NA	NA
K11_2-k141_79161_frag_1	K11_2-k141_79161	not present	NA	NA	NA	42525	NA	NA	NA	NA	59604	NA	NA	NA
K13_1-k141_56982_frag_1	K13_1-k141_56982	not present	NA	NA	NA	54964	NA	NA	NA	NA	145643	NA	NA	NA
K13_2-k141_45710_frag_1	K13_2-k141_45710	not present	NA	NA	NA	4321	NA	NA	NA	NA	6666	NA	NA	NA
K14_2-k141_27848_frag_1	K14_2-k141_27848	not present	NA	NA	NA	36314	NA	NA	NA	NA	501097	NA	NA	NA
K14_2-k141_50755_frag_1	K14_2-k141_50755	not present	NA	NA	NA	50332	NA	NA	NA	NA	99213	NA	NA	NA
K16_2-k141_23920_frag_1	K16_2-k141_23920	not present	NA	NA	NA	53675	NA	NA	NA	NA	247784	NA	NA	NA
K16_2-k141_35566_frag_1	K16_2-k141_35566	not present	NA	NA	NA	81495	NA	NA	NA	NA	108451	NA	NA	NA
K1_2-k141_36769_frag_1	K1_2-k141_36769	not present	NA	NA	NA	34146	NA	NA	NA	NA	36345	NA	NA	NA
K1_2-k141_63071_frag_1	K1_2-k141_63071	not present	NA	NA	NA	2925	NA	NA	NA	NA	4164	NA	NA	NA
K1_2-k141_72835_frag_1	K1_2-k141_72835	not present	NA	NA	NA	36956	NA	NA	NA	NA	45192	NA	NA	NA
K20_2-k141_13461_frag_1	K20_2-k141_13461	not present	NA	NA	NA	40222	NA	NA	NA	NA	64715	NA	NA	NA
K20_2-k141_22796_frag_1	K20_2-k141_22796	not present	NA	NA	NA	38058	NA	NA	NA	NA	44903	NA	NA	NA
K20_2-k141_57510_frag_1	K20_2-k141_57510	not present	NA	NA	NA	39278	NA	NA	NA	NA	48057	NA	NA	NA
K20_2-k141_71149_frag_1	K20_2-k141_71149	not present	NA	NA	NA	37808	NA	NA	NA	NA	182543	NA	NA	NA
K21_1-k141_3340_frag_1	K21_1-k141_3340	not present	NA	NA	NA	38666	NA	NA	NA	NA	80998	NA	NA	NA
K22_2-k141_39129_frag_1	K22_2-k141_39129	not present	NA	NA	NA	44171	NA	NA	NA	NA	66706	NA	NA	NA
K3_1-k141_16809_frag_1	K3_1-k141_16809	not present	NA	NA	NA	96735	NA	NA	NA	NA	122854	NA	NA	NA
K3_1-k141_49394_frag_1	K3_1-k141_49394	not present	NA	NA	NA	42122	NA	NA	NA	NA	204387	NA	NA	NA
K3_1-k141_57505_frag_1	K3_1-k141_57505	not present	NA	NA	NA	50891	NA	NA	NA	NA	70706	NA	NA	NA
K3_1-k141_70711_frag_1	K3_1-k141_70711	not present	NA	NA	NA	31972	NA	NA	NA	NA	65494	NA	NA	NA
K3_1-k141_7507_frag_1	K3_1-k141_7507	not present	NA	NA	NA	56660	NA	NA	NA	NA	77281	NA	NA	NA
K3_2-k141_25127_frag_1	K3_2-k141_25127	not present	NA	NA	NA	34137	NA	NA	NA	NA	45439	NA	NA	NA
K3_2-k141_85291_frag_1	K3_2-k141_85291	not present	NA	NA	NA	43231	NA	NA	NA	NA	45895	NA	NA	NA
K3_2-k141_98191_frag_1	K3_2-k141_98191	not present	NA	NA	NA	31979	NA	NA	NA	NA	50728	NA	NA	NA
K5_1-k141_3085_frag_1	K5_1-k141_3085	not present	NA	NA	NA	36754	NA	NA	NA	NA	60282	NA	NA	NA
K5_1-k141_4453_frag_1	K5_1-k141_4453	not present	NA	NA	NA	37331	NA	NA	NA	NA	106923	NA	NA	NA
K6_2-k141_17115_frag_1	K6_2-k141_17115	not present	NA	NA	NA	37779	NA	NA	NA	NA	263786	NA	NA	NA
K7_2-k141_963_frag_1	K7_2-k141_963	not present	NA	NA	NA	40016	NA	NA	NA	NA	51792	NA	NA	NA
K8_2-k141_16854_frag_1	K8_2-k141_16854	not present	NA	NA	NA	33918	NA	NA	NA	NA	60357	NA	NA	NA
K8_2-k141_26958_frag_1	K8_2-k141_26958	not present	NA	NA	NA	31963	NA	NA	NA	NA	129705	NA	NA	NA
K9_2-k141_10817_frag_1	K9_2-k141_10817	not present	NA	NA	NA	41785	NA	NA	NA	NA	47586	NA	NA	NA
K9_2-k141_11347_frag_1	K9_2-k141_11347	not present	NA	NA	NA	30211	NA	NA	NA	NA	34288	NA	NA	NA
K9_2-k141_42971_frag_1	K9_2-k141_42971	not present	NA	NA	NA	34714	NA	NA	NA	NA	97636	NA	NA	NA
L15_1-k141_13686_frag_1	L15_1-k141_13686	not present	NA	NA	NA	38870	NA	NA	NA	NA	99957	NA	NA	NA
L15_1-k141_22343_frag_1	L15_1-k141_22343	not present	NA	NA	NA	50792	NA	NA	NA	NA	92997	NA	NA	NA
L15_1-k141_27557_frag_1	L15_1-k141_27557	not present	NA	NA	NA	25935	NA	NA	NA	NA	64170	NA	NA	NA
L15_1-k141_72572_frag_1	L15_1-k141_72572	not present	NA	NA	NA	35617	NA	NA	NA	NA	221230	NA	NA	NA
L15_1-k141_77922_frag_1	L15_1-k141_77922	not present	NA	NA	NA	53378	NA	NA	NA	NA	111994	NA	NA	NA
L23_1-k141_1181_frag_1	L23_1-k141_1181	not present	NA	NA	NA	35835	NA	NA	NA	NA	130196	NA	NA	NA
M10_2-k141_33095_frag_1	M10_2-k141_33095	not present	NA	NA	NA	61218	NA	NA	NA	NA	128191	NA	NA	NA
M11_1-k141_2839_frag_1	M11_1-k141_2839	not present	NA	NA	NA	35533	NA	NA	NA	NA	111887	NA	NA	NA
M11_2-k141_42_frag_1	M11_2-k141_42	not present	NA	NA	NA	58602	NA	NA	NA	NA	118521	NA	NA	NA
M11_2-k141_8882_frag_1	M11_2-k141_8882	not present	NA	NA	NA	48267	NA	NA	NA	NA	65272	NA	NA	NA
M12_2-k141_37272_frag_1	M12_2-k141_37272	not present	NA	NA	NA	47731	NA	NA	NA	NA	63723	NA	NA	NA
M13_2-k141_38089_frag_1	M13_2-k141_38089	not present	NA	NA	NA	33889	NA	NA	NA	NA	337629	NA	NA	NA
M14_2-k141_63814_frag_1	M14_2-k141_63814	not present	NA	NA	NA	42843	NA	NA	NA	NA	45424	NA	NA	NA
M15_2-k141_21154_frag_1	M15_2-k141_21154	not present	NA	NA	NA	65663	NA	NA	NA	NA	173857	NA	NA	NA
M15_2-k141_2726_frag_1	M15_2-k141_2726	not present	NA	NA	NA	39901	NA	NA	NA	NA	41966	NA	NA	NA
M15_2-k141_78835_frag_1	M15_2-k141_78835	not present	NA	NA	NA	25750	NA	NA	NA	NA	131374	NA	NA	NA
M17_2-k141_7291_frag_1	M17_2-k141_7291	not present	NA	NA	NA	66688	NA	NA	NA	NA	171501	NA	NA	NA
M17_2-k141_84683_frag_1	M17_2-k141_84683	not present	NA	NA	NA	35019	NA	NA	NA	NA	50848	NA	NA	NA
M18_2-k141_110025_frag_1	M18_2-k141_110025	not present	NA	NA	NA	30015	NA	NA	NA	NA	37109	NA	NA	NA
M18_2-k141_115970_frag_1	M18_2-k141_115970	not present	NA	NA	NA	33789	NA	NA	NA	NA	69343	NA	NA	NA
M18_2-k141_124219_frag_1	M18_2-k141_124219	not present	NA	NA	NA	67327	NA	NA	NA	NA	93209	NA	NA	NA
M18_2-k141_22374_frag_1	M18_2-k141_22374	not present	NA	NA	NA	37750	NA	NA	NA	NA	115978	NA	NA	NA
M18_2-k141_6036_frag_1	M18_2-k141_6036	not present	NA	NA	NA	43823	NA	NA	NA	NA	46387	NA	NA	NA
M19_2-k141_17184_frag_1	M19_2-k141_17184	not present	NA	NA	NA	35283	NA	NA	NA	NA	190244	NA	NA	NA
M19_2-k141_73657_frag_1	M19_2-k141_73657	not present	NA	NA	NA	35819	NA	NA	NA	NA	113973	NA	NA	NA
M1_1-k141_15338_frag_1	M1_1-k141_15338	not present	NA	NA	NA	45469	NA	NA	NA	NA	100023	NA	NA	NA
M21_2-k141_113863_frag_1	M21_2-k141_113863	not present	NA	NA	NA	43267	NA	NA	NA	NA	77939	NA	NA	NA
M21_2-k141_121315_frag_1	M21_2-k141_121315	not present	NA	NA	NA	34493	NA	NA	NA	NA	48623	NA	NA	NA
M21_2-k141_125554_frag_1	M21_2-k141_125554	not present	NA	NA	NA	5233	NA	NA	NA	NA	56350	NA	NA	NA
M21_2-k141_155001_frag_1	M21_2-k141_155001	not present	NA	NA	NA	34532	NA	NA	NA	NA	90788	NA	NA	NA
M21_2-k141_2123_frag_1	M21_2-k141_2123	not present	NA	NA	NA	60734	NA	NA	NA	NA	160535	NA	NA	NA
M21_2-k141_34225_frag_1	M21_2-k141_34225	not present	NA	NA	NA	82567	NA	NA	NA	NA	145041	NA	NA	NA
M21_2-k141_43422_frag_1	M21_2-k141_43422	not present	NA	NA	NA	48689	NA	NA	NA	NA	70866	NA	NA	NA
M21_2-k141_75208_frag_1	M21_2-k141_75208	not present	NA	NA	NA	29219	NA	NA	NA	NA	59293	NA	NA	NA
M21_2-k141_98392_frag_1	M21_2-k141_98392	not present	NA	NA	NA	36561	NA	NA	NA	NA	166786	NA	NA	NA
M23_2-k141_110216_frag_1	M23_2-k141_110216	not present	NA	NA	NA	55991	NA	NA	NA	NA	106718	NA	NA	NA
M23_2-k141_129182_frag_1	M23_2-k141_129182	not present	NA	NA	NA	92589	NA	NA	NA	NA	95481	NA	NA	NA
M23_2-k141_72190_frag_1	M23_2-k141_72190	not present	NA	NA	NA	54572	NA	NA	NA	NA	82614	NA	NA	NA
M2_2-k141_25861_frag_1	M2_2-k141_25861	not present	NA	NA	NA	51922	NA	NA	NA	NA	54714	NA	NA	NA
M5_2-k141_35300_frag_1	M5_2-k141_35300	not present	NA	NA	NA	66841	NA	NA	NA	NA	73027	NA	NA	NA
M5_2-k141_46405_frag_1	M5_2-k141_46405	not present	NA	NA	NA	34549	NA	NA	NA	NA	45408	NA	NA	NA
M5_2-k141_4738_frag_1	M5_2-k141_4738	not present	NA	NA	NA	32267	NA	NA	NA	NA	39003	NA	NA	NA
M5_2-k141_70993_frag_1	M5_2-k141_70993	not present	NA	NA	NA	56938	NA	NA	NA	NA	79020	NA	NA	NA
M6_2-k141_140305_frag_1	M6_2-k141_140305	not present	NA	NA	NA	46649	NA	NA	NA	NA	68036	NA	NA	NA
M7_2-k141_114543_frag_1	M7_2-k141_114543	not present	NA	NA	NA	35719	NA	NA	NA	NA	39788	NA	NA	NA
M7_2-k141_180309_frag_1	M7_2-k141_180309	not present	NA	NA	NA	37530	NA	NA	NA	NA	44129	NA	NA	NA
M7_2-k141_204584_frag_1	M7_2-k141_204584	not present	NA	NA	NA	32639	NA	NA	NA	NA	44459	NA	NA	NA
M7_2-k141_32906_frag_1	M7_2-k141_32906	not present	NA	NA	NA	64689	NA	NA	NA	NA	68012	NA	NA	NA
M7_2-k141_95976_frag_1	M7_2-k141_95976	not present	NA	NA	NA	33142	NA	NA	NA	NA	44282	NA	NA	NA
M8_2-k141_59018_frag_1	M8_2-k141_59018	not present	NA	NA	NA	41480	NA	NA	NA	NA	50287	NA	NA	NA
M8_2-k141_8729_frag_1	M8_2-k141_8729	not present	NA	NA	NA	38933	NA	NA	NA	NA	59956	NA	NA	NA
M9_1-k141_15133_frag_1	M9_1-k141_15133	not present	NA	NA	NA	48444	NA	NA	NA	NA	85954	NA	NA	NA
M9_1-k141_9677_frag_1	M9_1-k141_9677	not present	NA	NA	NA	110104	NA	NA	NA	NA	192797	NA	NA	NA
O11_1-k141_4847_frag_1	O11_1-k141_4847	not present	NA	NA	NA	28292	NA	NA	NA	NA	33648	NA	NA	NA
O11_2-k141_23415_frag_1	O11_2-k141_23415	not present	NA	NA	NA	31392	NA	NA	NA	NA	99387	NA	NA	NA
O11_2-k141_50219_frag_1	O11_2-k141_50219	not present	NA	NA	NA	46035	NA	NA	NA	NA	89687	NA	NA	NA
O11_2-k141_55941_frag_1	O11_2-k141_55941	not present	NA	NA	NA	59309	NA	NA	NA	NA	61056	NA	NA	NA
O11_2-k141_71578_frag_1	O11_2-k141_71578	not present	NA	NA	NA	36660	NA	NA	NA	NA	155934	NA	NA	NA
O12_2-k141_14274_frag_1	O12_2-k141_14274	not present	NA	NA	NA	36765	NA	NA	NA	NA	229273	NA	NA	NA
O12_2-k141_42419_frag_1	O12_2-k141_42419	not present	NA	NA	NA	28953	NA	NA	NA	NA	37770	NA	NA	NA
O12_2-k141_68756_frag_1	O12_2-k141_68756	not present	NA	NA	NA	52483	NA	NA	NA	NA	284793	NA	NA	NA
O13_2-k141_105070_frag_1	O13_2-k141_105070	not present	NA	NA	NA	26661	NA	NA	NA	NA	86396	NA	NA	NA
O13_2-k141_36397_frag_1	O13_2-k141_36397	not present	NA	NA	NA	31831	NA	NA	NA	NA	35743	NA	NA	NA
O14_2-k141_20969_frag_1	O14_2-k141_20969	not present	NA	NA	NA	128199	NA	NA	NA	NA	222618	NA	NA	NA
O14_2-k141_53097_frag_1	O14_2-k141_53097	not present	NA	NA	NA	30292	NA	NA	NA	NA	76682	NA	NA	NA
O14_2-k141_542_frag_1	O14_2-k141_542	not present	NA	NA	NA	44176	NA	NA	NA	NA	84608	NA	NA	NA
O15_2-k141_20735_frag_1	O15_2-k141_20735	not present	NA	NA	NA	68478	NA	NA	NA	NA	143299	NA	NA	NA
O15_2-k141_23085_frag_1	O15_2-k141_23085	not present	NA	NA	NA	35621	NA	NA	NA	NA	38416	NA	NA	NA
O15_2-k141_99028_frag_1	O15_2-k141_99028	not present	NA	NA	NA	27271	NA	NA	NA	NA	34019	NA	NA	NA
O16_2-k141_5975_frag_1	O16_2-k141_5975	not present	NA	NA	NA	101458	NA	NA	NA	NA	103716	NA	NA	NA
O17_2-k141_33475_frag_1	O17_2-k141_33475	not present	NA	NA	NA	37294	NA	NA	NA	NA	68834	NA	NA	NA
O19_2-k141_28184_frag_1	O19_2-k141_28184	not present	NA	NA	NA	40117	NA	NA	NA	NA	186268	NA	NA	NA
O21_2-k141_12232_frag_1	O21_2-k141_12232	not present	NA	NA	NA	36043	NA	NA	NA	NA	70333	NA	NA	NA
O21_2-k141_12249_frag_1	O21_2-k141_12249	not present	NA	NA	NA	67743	NA	NA	NA	NA	122646	NA	NA	NA
O21_2-k141_12340_frag_1	O21_2-k141_12340	not present	NA	NA	NA	36856	NA	NA	NA	NA	58038	NA	NA	NA
O21_2-k141_26347_frag_1	O21_2-k141_26347	not present	NA	NA	NA	66945	NA	NA	NA	NA	305496	NA	NA	NA
O21_2-k141_27162_frag_1	O21_2-k141_27162	not present	NA	NA	NA	34938	NA	NA	NA	NA	46851	NA	NA	NA
O21_2-k141_32755_frag_1	O21_2-k141_32755	not present	NA	NA	NA	34861	NA	NA	NA	NA	114055	NA	NA	NA
O21_2-k141_53885_frag_1	O21_2-k141_53885	not present	NA	NA	NA	42572	NA	NA	NA	NA	223915	NA	NA	NA
O3_2-k141_8110_frag_1	O3_2-k141_8110	not present	NA	NA	NA	43974	NA	NA	NA	NA	55144	NA	NA	NA
O4_2-k141_49242_frag_1	O4_2-k141_49242	not present	NA	NA	NA	26031	NA	NA	NA	NA	67992	NA	NA	NA
O5_2-k141_43_frag_1	O5_2-k141_43	not present	NA	NA	NA	67441	NA	NA	NA	NA	178999	NA	NA	NA
O7_1-k141_16862_frag_1	O7_1-k141_16862	not present	NA	NA	NA	30600	NA	NA	NA	NA	150935	NA	NA	NA
O7_1-k141_32472_frag_1	O7_1-k141_32472	not present	NA	NA	NA	69400	NA	NA	NA	NA	397099	NA	NA	NA
O7_2-k141_56547_frag_1	O7_2-k141_56547	not present	NA	NA	NA	35691	NA	NA	NA	NA	47249	NA	NA	NA
P15_1-k141_102626_frag_1	P15_1-k141_102626	not present	NA	NA	NA	35826	NA	NA	NA	NA	95760	NA	NA	NA
P15_1-k141_20575_frag_1	P15_1-k141_20575	not present	NA	NA	NA	39205	NA	NA	NA	NA	48967	NA	NA	NA
P15_1-k141_23225_frag_1	P15_1-k141_23225	not present	NA	NA	NA	40931	NA	NA	NA	NA	190413	NA	NA	NA
P15_1-k141_40556_frag_1	P15_1-k141_40556	not present	NA	NA	NA	37573	NA	NA	NA	NA	76694	NA	NA	NA
P15_1-k141_52965_frag_1	P15_1-k141_52965	not present	NA	NA	NA	49561	NA	NA	NA	NA	125007	NA	NA	NA
P15_1-k141_86587_frag_1	P15_1-k141_86587	not present	NA	NA	NA	58568	NA	NA	NA	NA	280703	NA	NA	NA
P15_1-k141_92211_frag_1	P15_1-k141_92211	not present	NA	NA	NA	44699	NA	NA	NA	NA	94561	NA	NA	NA
